SIMPLE, 1, 5_0_0, 0, 342117289, , , , , , , , , , , 0,
SIMPLE, 1, 5_0_0, 0, 340713585, , , , , , , , , , , 0,
SIMPLE, 1, 5_0_0, 0, 341508059, , , , , , , , , , , 0,
SIMPLE, 1, 5_1_1, 0, 411671746, , , , , , , , , , , 0,
SIMPLE, 1, 5_1_1, 0, 416810676, , , , , , , , , , , 0,
SIMPLE, 1, 5_1_1, 0, 410127893, , , , , , , , , , , 0,
SIMPLE, 1, 5_1_3, 0, 401717920, , , , , , , , , , , 0,
SIMPLE, 1, 5_1_3, 0, 397238513, , , , , , , , , , , 0,
SIMPLE, 1, 5_1_3, 0, 397571300, , , , , , , , , , , 0,
SIMPLE, 1, 5_1_5, 0, 411976818, , , , , , , , , , , 0,
SIMPLE, 1, 5_1_5, 0, 410906166, , , , , , , , , , , 0,
SIMPLE, 1, 5_1_5, 0, 411105628, , , , , , , , , , , 0,
SIMPLE, 1, 5_1_10, 0, 407305391, , , , , , , , , , , 0,
SIMPLE, 1, 5_1_10, 0, 410643650, , , , , , , , , , , 0,
SIMPLE, 1, 5_1_10, 0, 410206557, , , , , , , , , , , 0,
SIMPLE, 1, 5_1_25, 0, 409219501, , , , , , , , , , , 0,
SIMPLE, 1, 5_1_25, 0, 410240539, , , , , , , , , , , 0,
SIMPLE, 1, 5_1_25, 0, 434097488, , , , , , , , , , , 0,
SIMPLE, 1, 5_1_50, 0, 439591312, , , , , , , , , , , 0,
SIMPLE, 1, 5_1_50, 0, 419313702, , , , , , , , , , , 0,
SIMPLE, 1, 5_1_50, 0, 422167077, , , , , , , , , , , 0,
SIMPLE, 1, 5_1_100, 0, 414224969, , , , , , , , , , , 0,
SIMPLE, 1, 5_1_100, 0, 420118279, , , , , , , , , , , 0,
SIMPLE, 1, 5_1_100, 0, 408356378, , , , , , , , , , , 0,
SIMPLE, 1, 5_3_1, 0, 399661072, , , , , , , , , , , 0,
SIMPLE, 1, 5_3_1, 0, 398876910, , , , , , , , , , , 0,
SIMPLE, 1, 5_3_1, 0, 398300406, , , , , , , , , , , 0,
SIMPLE, 1, 5_3_3, 0, 414272069, , , , , , , , , , , 0,
SIMPLE, 1, 5_3_3, 0, 427692212, , , , , , , , , , , 0,
SIMPLE, 1, 5_3_3, 0, 431233069, , , , , , , , , , , 0,
SIMPLE, 1, 5_3_5, 0, 424252066, , , , , , , , , , , 0,
SIMPLE, 1, 5_3_5, 0, 426536619, , , , , , , , , , , 0,
SIMPLE, 1, 5_3_5, 0, 422005903, , , , , , , , , , , 0,
SIMPLE, 1, 5_3_10, 0, 421884209, , , , , , , , , , , 0,
SIMPLE, 1, 5_3_10, 0, 420508231, , , , , , , , , , , 0,
SIMPLE, 1, 5_3_10, 0, 421465424, , , , , , , , , , , 0,
SIMPLE, 1, 5_3_25, 0, 422864187, , , , , , , , , , , 0,
SIMPLE, 1, 5_3_25, 0, 425416440, , , , , , , , , , , 0,
SIMPLE, 1, 5_3_25, 0, 430596294, , , , , , , , , , , 0,
SIMPLE, 1, 5_3_50, 0, 441619771, , , , , , , , , , , 0,
SIMPLE, 1, 5_3_50, 0, 426200813, , , , , , , , , , , 0,
SIMPLE, 1, 5_3_50, 0, 428077119, , , , , , , , , , , 0,
SIMPLE, 1, 5_3_100, 0, 432142220, , , , , , , , , , , 0,
SIMPLE, 1, 5_3_100, 0, 433517480, , , , , , , , , , , 0,
SIMPLE, 1, 5_3_100, 0, 429741137, , , , , , , , , , , 0,
SIMPLE, 1, 5_5_1, 0, 418940447, , , , , , , , , , , 0,
SIMPLE, 1, 5_5_1, 0, 419317580, , , , , , , , , , , 0,
SIMPLE, 1, 5_5_1, 0, 428508627, , , , , , , , , , , 0,
SIMPLE, 1, 5_5_3, 0, 435983054, , , , , , , , , , , 0,
SIMPLE, 1, 5_5_3, 0, 423364831, , , , , , , , , , , 0,
SIMPLE, 1, 5_5_3, 0, 431439310, , , , , , , , , , , 0,
SIMPLE, 1, 5_5_5, 0, 423414295, , , , , , , , , , , 0,
SIMPLE, 1, 5_5_5, 0, 424547104, , , , , , , , , , , 0,
SIMPLE, 1, 5_5_5, 0, 424133512, , , , , , , , , , , 0,
SIMPLE, 1, 5_5_10, 0, 433232440, , , , , , , , , , , 0,
SIMPLE, 1, 5_5_10, 0, 436259016, , , , , , , , , , , 0,
SIMPLE, 1, 5_5_10, 0, 435504690, , , , , , , , , , , 0,
SIMPLE, 1, 5_5_25, 0, 431884097, , , , , , , , , , , 0,
SIMPLE, 1, 5_5_25, 0, 426984483, , , , , , , , , , , 0,
SIMPLE, 1, 5_5_25, 0, 425558729, , , , , , , , , , , 0,
SIMPLE, 1, 5_5_50, 0, 442956355, , , , , , , , , , , 0,
SIMPLE, 1, 5_5_50, 0, 436520933, , , , , , , , , , , 0,
SIMPLE, 1, 5_5_50, 0, 441563539, , , , , , , , , , , 0,
SIMPLE, 1, 5_5_100, 0, 445275312, , , , , , , , , , , 0,
SIMPLE, 1, 5_5_100, 0, 442674172, , , , , , , , , , , 0,
SIMPLE, 1, 5_5_100, 0, 445345379, , , , , , , , , , , 0,
SIMPLE, 1, 5_10_1, 0, 425800426, , , , , , , , , , , 0,
SIMPLE, 1, 5_10_1, 0, 425611244, , , , , , , , , , , 0,
SIMPLE, 1, 5_10_1, 0, 425821934, , , , , , , , , , , 0,
SIMPLE, 1, 5_10_3, 0, 434102087, , , , , , , , , , , 0,
SIMPLE, 1, 5_10_3, 0, 439080379, , , , , , , , , , , 0,
SIMPLE, 1, 5_10_3, 0, 446232307, , , , , , , , , , , 0,
SIMPLE, 1, 5_10_5, 0, 445511953, , , , , , , , , , , 0,
SIMPLE, 1, 5_10_5, 0, 444814762, , , , , , , , , , , 0,
SIMPLE, 1, 5_10_5, 0, 445913077, , , , , , , , , , , 0,
SIMPLE, 1, 5_10_10, 0, 454822026, , , , , , , , , , , 0,
SIMPLE, 1, 5_10_10, 0, 461620928, , , , , , , , , , , 0,
SIMPLE, 1, 5_10_10, 0, 449848249, , , , , , , , , , , 0,
SIMPLE, 1, 5_10_25, 0, 462189936, , , , , , , , , , , 0,
SIMPLE, 1, 5_10_25, 0, 459554879, , , , , , , , , , , 0,
SIMPLE, 1, 5_10_25, 0, 462179131, , , , , , , , , , , 0,
SIMPLE, 1, 5_10_50, 0, 481695959, , , , , , , , , , , 0,
SIMPLE, 1, 5_10_50, 0, 463836209, , , , , , , , , , , 0,
SIMPLE, 1, 5_10_50, 0, 464014332, , , , , , , , , , , 0,
SIMPLE, 1, 5_10_100, 0, 492957161, , , , , , , , , , , 0,
SIMPLE, 1, 5_10_100, 0, 501118077, , , , , , , , , , , 0,
SIMPLE, 1, 5_10_100, 0, 491711608, , , , , , , , , , , 0,
SIMPLE, 1, 5_25_1, 0, 450623422, , , , , , , , , , , 0,
SIMPLE, 1, 5_25_1, 0, 450713581, , , , , , , , , , , 0,
SIMPLE, 1, 5_25_1, 0, 449176252, , , , , , , , , , , 0,
SIMPLE, 1, 5_25_3, 0, 482392580, , , , , , , , , , , 0,
SIMPLE, 1, 5_25_3, 0, 468563919, , , , , , , , , , , 0,
SIMPLE, 1, 5_25_3, 0, 468796691, , , , , , , , , , , 0,
SIMPLE, 1, 5_25_5, 0, 479461478, , , , , , , , , , , 0,
SIMPLE, 1, 5_25_5, 0, 481110619, , , , , , , , , , , 0,
SIMPLE, 1, 5_25_5, 0, 483809025, , , , , , , , , , , 0,
SIMPLE, 1, 5_25_10, 0, 519656179, , , , , , , , , , , 0,
SIMPLE, 1, 5_25_10, 0, 511649760, , , , , , , , , , , 0,
SIMPLE, 1, 5_25_10, 0, 511766470, , , , , , , , , , , 0,
SIMPLE, 1, 5_25_25, 0, 555921950, , , , , , , , , , , 0,
SIMPLE, 1, 5_25_25, 0, 536871775, , , , , , , , , , , 0,
SIMPLE, 1, 5_25_25, 0, 531191669, , , , , , , , , , , 0,
SIMPLE, 1, 5_25_50, 0, 580533822, , , , , , , , , , , 0,
SIMPLE, 1, 5_25_50, 0, 590421218, , , , , , , , , , , 0,
SIMPLE, 1, 5_25_50, 0, 574535497, , , , , , , , , , , 0,
SIMPLE, 1, 5_25_100, 0, 561969900, , , , , , , , , , , 0,
SIMPLE, 1, 5_25_100, 0, 564617750, , , , , , , , , , , 0,
SIMPLE, 1, 5_25_100, 0, 595086886, , , , , , , , , , , 0,
SIMPLE, 1, 5_50_1, 0, 489931965, , , , , , , , , , , 0,
SIMPLE, 1, 5_50_1, 0, 489036009, , , , , , , , , , , 0,
SIMPLE, 1, 5_50_1, 0, 491272484, , , , , , , , , , , 0,
SIMPLE, 1, 5_50_3, 0, 519230477, , , , , , , , , , , 0,
SIMPLE, 1, 5_50_3, 0, 505795076, , , , , , , , , , , 0,
SIMPLE, 1, 5_50_3, 0, 504147014, , , , , , , , , , , 0,
SIMPLE, 1, 5_50_5, 0, 574253061, , , , , , , , , , , 0,
SIMPLE, 1, 5_50_5, 0, 571727272, , , , , , , , , , , 0,
SIMPLE, 1, 5_50_5, 0, 574870941, , , , , , , , , , , 0,
SIMPLE, 1, 5_50_10, 0, 645907975, , , , , , , , , , , 0,
SIMPLE, 1, 5_50_10, 0, 640047231, , , , , , , , , , , 0,
SIMPLE, 1, 5_50_10, 0, 635819517, , , , , , , , , , , 0,
SIMPLE, 1, 5_50_25, 0, 712301789, , , , , , , , , , , 0,
SIMPLE, 1, 5_50_25, 0, 709069147, , , , , , , , , , , 0,
SIMPLE, 1, 5_50_25, 0, 706387995, , , , , , , , , , , 0,
SIMPLE, 1, 5_50_50, 0, 745302746, , , , , , , , , , , 0,
SIMPLE, 1, 5_50_50, 0, 752970862, , , , , , , , , , , 0,
SIMPLE, 1, 5_50_50, 0, 752389854, , , , , , , , , , , 0,
SIMPLE, 1, 5_50_100, 0, 710226451, , , , , , , , , , , 0,
SIMPLE, 1, 5_50_100, 0, 703467969, , , , , , , , , , , 0,
SIMPLE, 1, 5_50_100, 0, 685506929, , , , , , , , , , , 0,
SIMPLE, 1, 5_100_100, 0, 1145852960, , , , , , , , , , , 0,
SIMPLE, 1, 5_100_100, 0, 1043236665, , , , , , , , , , , 0,
SIMPLE, 1, 5_100_100, 0, 1102598513, , , , , , , , , , , 0,
SIMPLE, 2, 5_0_0, 0, 303632655, , , , , , , , , , , 0,
SIMPLE, 2, 5_0_0, 0, 296689349, , , , , , , , , , , 0,
SIMPLE, 2, 5_0_0, 0, 296211460, , , , , , , , , , , 0,
SIMPLE, 2, 5_1_1, 0, 355936583, , , , , , , , , , , 0,
SIMPLE, 2, 5_1_1, 0, 353934345, , , , , , , , , , , 0,
SIMPLE, 2, 5_1_1, 0, 352386738, , , , , , , , , , , 0,
SIMPLE, 2, 5_1_3, 0, 358117632, , , , , , , , , , , 0,
SIMPLE, 2, 5_1_3, 0, 349456206, , , , , , , , , , , 0,
SIMPLE, 2, 5_1_3, 0, 348058778, , , , , , , , , , , 0,
SIMPLE, 2, 5_1_5, 0, 360748342, , , , , , , , , , , 0,
SIMPLE, 2, 5_1_5, 0, 358755810, , , , , , , , , , , 0,
SIMPLE, 2, 5_1_5, 0, 359845902, , , , , , , , , , , 0,
SIMPLE, 2, 5_1_10, 0, 344235208, , , , , , , , , , , 0,
SIMPLE, 2, 5_1_10, 0, 341600516, , , , , , , , , , , 0,
SIMPLE, 2, 5_1_10, 0, 341649860, , , , , , , , , , , 0,
SIMPLE, 2, 5_1_25, 0, 365651925, , , , , , , , , , , 0,
SIMPLE, 2, 5_1_25, 0, 350351753, , , , , , , , , , , 0,
SIMPLE, 2, 5_1_25, 0, 345257943, , , , , , , , , , , 0,
SIMPLE, 2, 5_1_50, 0, 378059287, , , , , , , , , , , 0,
SIMPLE, 2, 5_1_50, 0, 369795517, , , , , , , , , , , 0,
SIMPLE, 2, 5_1_50, 0, 370816536, , , , , , , , , , , 0,
SIMPLE, 2, 5_1_100, 0, 363097490, , , , , , , , , , , 0,
SIMPLE, 2, 5_1_100, 0, 367838214, , , , , , , , , , , 0,
SIMPLE, 2, 5_1_100, 0, 367569540, , , , , , , , , , , 0,
SIMPLE, 2, 5_3_1, 0, 323007388, , , , , , , , , , , 0,
SIMPLE, 2, 5_3_1, 0, 325167392, , , , , , , , , , , 0,
SIMPLE, 2, 5_3_1, 0, 327738082, , , , , , , , , , , 0,
SIMPLE, 2, 5_3_3, 0, 344792769, , , , , , , , , , , 0,
SIMPLE, 2, 5_3_3, 0, 340939424, , , , , , , , , , , 0,
SIMPLE, 2, 5_3_3, 0, 341983368, , , , , , , , , , , 0,
SIMPLE, 2, 5_3_5, 0, 372582189, , , , , , , , , , , 0,
SIMPLE, 2, 5_3_5, 0, 358276322, , , , , , , , , , , 0,
SIMPLE, 2, 5_3_5, 0, 362488413, , , , , , , , , , , 0,
SIMPLE, 2, 5_3_10, 0, 352659875, , , , , , , , , , , 0,
SIMPLE, 2, 5_3_10, 0, 350864795, , , , , , , , , , , 0,
SIMPLE, 2, 5_3_10, 0, 355981848, , , , , , , , , , , 0,
SIMPLE, 2, 5_3_25, 0, 351754414, , , , , , , , , , , 0,
SIMPLE, 2, 5_3_25, 0, 343406812, , , , , , , , , , , 0,
SIMPLE, 2, 5_3_25, 0, 343781965, , , , , , , , , , , 0,
SIMPLE, 2, 5_3_50, 0, 370705459, , , , , , , , , , , 0,
SIMPLE, 2, 5_3_50, 0, 369274949, , , , , , , , , , , 0,
SIMPLE, 2, 5_3_50, 0, 387435184, , , , , , , , , , , 0,
SIMPLE, 2, 5_3_100, 0, 363319026, , , , , , , , , , , 0,
SIMPLE, 2, 5_3_100, 0, 361374044, , , , , , , , , , , 0,
SIMPLE, 2, 5_3_100, 0, 360579040, , , , , , , , , , , 0,
SIMPLE, 2, 5_5_1, 0, 353343960, , , , , , , , , , , 0,
SIMPLE, 2, 5_5_1, 0, 363129895, , , , , , , , , , , 0,
SIMPLE, 2, 5_5_1, 0, 368189194, , , , , , , , , , , 0,
SIMPLE, 2, 5_5_3, 0, 352173887, , , , , , , , , , , 0,
SIMPLE, 2, 5_5_3, 0, 351971631, , , , , , , , , , , 0,
SIMPLE, 2, 5_5_3, 0, 349866647, , , , , , , , , , , 0,
SIMPLE, 2, 5_5_5, 0, 364051978, , , , , , , , , , , 0,
SIMPLE, 2, 5_5_5, 0, 377973195, , , , , , , , , , , 0,
SIMPLE, 2, 5_5_5, 0, 370964405, , , , , , , , , , , 0,
SIMPLE, 2, 5_5_10, 0, 365757505, , , , , , , , , , , 0,
SIMPLE, 2, 5_5_10, 0, 364552941, , , , , , , , , , , 0,
SIMPLE, 2, 5_5_10, 0, 364122189, , , , , , , , , , , 0,
SIMPLE, 2, 5_5_25, 0, 363120374, , , , , , , , , , , 0,
SIMPLE, 2, 5_5_25, 0, 357470045, , , , , , , , , , , 0,
SIMPLE, 2, 5_5_25, 0, 355728609, , , , , , , , , , , 0,
SIMPLE, 2, 5_5_50, 0, 358846603, , , , , , , , , , , 0,
SIMPLE, 2, 5_5_50, 0, 350269278, , , , , , , , , , , 0,
SIMPLE, 2, 5_5_50, 0, 356285219, , , , , , , , , , , 0,
SIMPLE, 2, 5_5_100, 0, 364057158, , , , , , , , , , , 0,
SIMPLE, 2, 5_5_100, 0, 366583654, , , , , , , , , , , 0,
SIMPLE, 2, 5_5_100, 0, 363324724, , , , , , , , , , , 0,
SIMPLE, 2, 5_10_1, 0, 343569450, , , , , , , , , , , 0,
SIMPLE, 2, 5_10_1, 0, 345641270, , , , , , , , , , , 0,
SIMPLE, 2, 5_10_1, 0, 341257480, , , , , , , , , , , 0,
SIMPLE, 2, 5_10_3, 0, 350970825, , , , , , , , , , , 0,
SIMPLE, 2, 5_10_3, 0, 350086778, , , , , , , , , , , 0,
SIMPLE, 2, 5_10_3, 0, 351013284, , , , , , , , , , , 0,
SIMPLE, 2, 5_10_5, 0, 355532425, , , , , , , , , , , 0,
SIMPLE, 2, 5_10_5, 0, 351702350, , , , , , , , , , , 0,
SIMPLE, 2, 5_10_5, 0, 362648102, , , , , , , , , , , 0,
SIMPLE, 2, 5_10_10, 0, 361534308, , , , , , , , , , , 0,
SIMPLE, 2, 5_10_10, 0, 361958569, , , , , , , , , , , 0,
SIMPLE, 2, 5_10_10, 0, 366831502, , , , , , , , , , , 0,
SIMPLE, 2, 5_10_25, 0, 366643837, , , , , , , , , , , 0,
SIMPLE, 2, 5_10_25, 0, 365024741, , , , , , , , , , , 0,
SIMPLE, 2, 5_10_25, 0, 365291141, , , , , , , , , , , 0,
SIMPLE, 2, 5_10_50, 0, 360144613, , , , , , , , , , , 0,
SIMPLE, 2, 5_10_50, 0, 355669792, , , , , , , , , , , 0,
SIMPLE, 2, 5_10_50, 0, 355941212, , , , , , , , , , , 0,
SIMPLE, 2, 5_10_100, 0, 380467900, , , , , , , , , , , 0,
SIMPLE, 2, 5_10_100, 0, 379834627, , , , , , , , , , , 0,
SIMPLE, 2, 5_10_100, 0, 379323847, , , , , , , , , , , 0,
SIMPLE, 2, 5_25_1, 0, 338423736, , , , , , , , , , , 0,
SIMPLE, 2, 5_25_1, 0, 337221885, , , , , , , , , , , 0,
SIMPLE, 2, 5_25_1, 0, 339715920, , , , , , , , , , , 0,
SIMPLE, 2, 5_25_3, 0, 364852776, , , , , , , , , , , 0,
SIMPLE, 2, 5_25_3, 0, 359420969, , , , , , , , , , , 0,
SIMPLE, 2, 5_25_3, 0, 369537128, , , , , , , , , , , 0,
SIMPLE, 2, 5_25_5, 0, 363632481, , , , , , , , , , , 0,
SIMPLE, 2, 5_25_5, 0, 362374178, , , , , , , , , , , 0,
SIMPLE, 2, 5_25_5, 0, 359852634, , , , , , , , , , , 0,
SIMPLE, 2, 5_25_10, 0, 368612657, , , , , , , , , , , 0,
SIMPLE, 2, 5_25_10, 0, 376202766, , , , , , , , , , , 0,
SIMPLE, 2, 5_25_10, 0, 364458192, , , , , , , , , , , 0,
SIMPLE, 2, 5_25_25, 0, 384726067, , , , , , , , , , , 0,
SIMPLE, 2, 5_25_25, 0, 386918932, , , , , , , , , , , 0,
SIMPLE, 2, 5_25_25, 0, 378834866, , , , , , , , , , , 0,
SIMPLE, 2, 5_25_50, 0, 396270939, , , , , , , , , , , 0,
SIMPLE, 2, 5_25_50, 0, 393666360, , , , , , , , , , , 0,
SIMPLE, 2, 5_25_50, 0, 393282824, , , , , , , , , , , 0,
SIMPLE, 2, 5_25_100, 0, 391434934, , , , , , , , , , , 0,
SIMPLE, 2, 5_25_100, 0, 385874212, , , , , , , , , , , 0,
SIMPLE, 2, 5_25_100, 0, 386270057, , , , , , , , , , , 0,
SIMPLE, 2, 5_50_1, 0, 334999273, , , , , , , , , , , 0,
SIMPLE, 2, 5_50_1, 0, 339478030, , , , , , , , , , , 0,
SIMPLE, 2, 5_50_1, 0, 331805698, , , , , , , , , , , 0,
SIMPLE, 2, 5_50_3, 0, 343836636, , , , , , , , , , , 0,
SIMPLE, 2, 5_50_3, 0, 338746395, , , , , , , , , , , 0,
SIMPLE, 2, 5_50_3, 0, 338851273, , , , , , , , , , , 0,
SIMPLE, 2, 5_50_5, 0, 377174526, , , , , , , , , , , 0,
SIMPLE, 2, 5_50_5, 0, 372316459, , , , , , , , , , , 0,
SIMPLE, 2, 5_50_5, 0, 382102736, , , , , , , , , , , 0,
SIMPLE, 2, 5_50_10, 0, 405062272, , , , , , , , , , , 0,
SIMPLE, 2, 5_50_10, 0, 411787717, , , , , , , , , , , 0,
SIMPLE, 2, 5_50_10, 0, 402069786, , , , , , , , , , , 0,
SIMPLE, 2, 5_50_25, 0, 452505966, , , , , , , , , , , 0,
SIMPLE, 2, 5_50_25, 0, 456240457, , , , , , , , , , , 0,
SIMPLE, 2, 5_50_25, 0, 443606991, , , , , , , , , , , 0,
SIMPLE, 2, 5_50_50, 0, 471971392, , , , , , , , , , , 0,
SIMPLE, 2, 5_50_50, 0, 476449610, , , , , , , , , , , 0,
SIMPLE, 2, 5_50_50, 0, 464979128, , , , , , , , , , , 0,
SIMPLE, 2, 5_50_100, 0, 441587324, , , , , , , , , , , 0,
SIMPLE, 2, 5_50_100, 0, 442989254, , , , , , , , , , , 0,
SIMPLE, 2, 5_50_100, 0, 433736805, , , , , , , , , , , 0,
SIMPLE, 2, 5_100_100, 0, 654006417, , , , , , , , , , , 0,
SIMPLE, 2, 5_100_100, 0, 643080166, , , , , , , , , , , 0,
SIMPLE, 2, 5_100_100, 0, 648690485, , , , , , , , , , , 0,
SIMPLE, 4, 5_0_0, 0, 728517725, , , , , , , , , , , 0,
SIMPLE, 4, 5_0_0, 0, 729508455, , , , , , , , , , , 0,
SIMPLE, 4, 5_0_0, 0, 743758555, , , , , , , , , , , 0,
SIMPLE, 4, 5_1_1, 0, 845444283, , , , , , , , , , , 0,
SIMPLE, 4, 5_1_1, 0, 849825279, , , , , , , , , , , 0,
SIMPLE, 4, 5_1_1, 0, 846624591, , , , , , , , , , , 0,
SIMPLE, 4, 5_1_3, 0, 1047276041, , , , , , , , , , , 0,
SIMPLE, 4, 5_1_3, 0, 1014008271, , , , , , , , , , , 0,
SIMPLE, 4, 5_1_3, 0, 1021705626, , , , , , , , , , , 0,
SIMPLE, 4, 5_1_5, 0, 833814354, , , , , , , , , , , 0,
SIMPLE, 4, 5_1_5, 0, 835211741, , , , , , , , , , , 0,
SIMPLE, 4, 5_1_5, 0, 834651169, , , , , , , , , , , 0,
SIMPLE, 4, 5_1_10, 0, 1006323870, , , , , , , , , , , 0,
SIMPLE, 4, 5_1_10, 0, 1023784271, , , , , , , , , , , 0,
SIMPLE, 4, 5_1_10, 0, 1038874960, , , , , , , , , , , 0,
SIMPLE, 4, 5_1_25, 0, 838632783, , , , , , , , , , , 0,
SIMPLE, 4, 5_1_25, 0, 839071796, , , , , , , , , , , 0,
SIMPLE, 4, 5_1_25, 0, 845166473, , , , , , , , , , , 0,
SIMPLE, 4, 5_1_50, 0, 845013816, , , , , , , , , , , 0,
SIMPLE, 4, 5_1_50, 0, 846940153, , , , , , , , , , , 0,
SIMPLE, 4, 5_1_50, 0, 844652291, , , , , , , , , , , 0,
SIMPLE, 4, 5_1_100, 0, 1046543420, , , , , , , , , , , 0,
SIMPLE, 4, 5_1_100, 0, 1019750115, , , , , , , , , , , 0,
SIMPLE, 4, 5_1_100, 0, 1015711087, , , , , , , , , , , 0,
SIMPLE, 4, 5_3_1, 0, 853554907, , , , , , , , , , , 0,
SIMPLE, 4, 5_3_1, 0, 862994607, , , , , , , , , , , 0,
SIMPLE, 4, 5_3_1, 0, 855614637, , , , , , , , , , , 0,
SIMPLE, 4, 5_3_3, 0, 1015332587, , , , , , , , , , , 0,
SIMPLE, 4, 5_3_3, 0, 1031570887, , , , , , , , , , , 0,
SIMPLE, 4, 5_3_3, 0, 1034068772, , , , , , , , , , , 0,
SIMPLE, 4, 5_3_5, 0, 1033526030, , , , , , , , , , , 0,
SIMPLE, 4, 5_3_5, 0, 1049094590, , , , , , , , , , , 0,
SIMPLE, 4, 5_3_5, 0, 1037925662, , , , , , , , , , , 0,
SIMPLE, 4, 5_3_10, 0, 998770533, , , , , , , , , , , 0,
SIMPLE, 4, 5_3_10, 0, 1010826669, , , , , , , , , , , 0,
SIMPLE, 4, 5_3_10, 0, 1021728705, , , , , , , , , , , 0,
SIMPLE, 4, 5_3_25, 0, 1007611935, , , , , , , , , , , 0,
SIMPLE, 4, 5_3_25, 0, 1001591034, , , , , , , , , , , 0,
SIMPLE, 4, 5_3_25, 0, 1012840584, , , , , , , , , , , 0,
SIMPLE, 4, 5_3_50, 0, 1034591378, , , , , , , , , , , 0,
SIMPLE, 4, 5_3_50, 0, 1028959714, , , , , , , , , , , 0,
SIMPLE, 4, 5_3_50, 0, 1033184592, , , , , , , , , , , 0,
SIMPLE, 4, 5_3_100, 0, 899899941, , , , , , , , , , , 0,
SIMPLE, 4, 5_3_100, 0, 887289585, , , , , , , , , , , 0,
SIMPLE, 4, 5_3_100, 0, 884896065, , , , , , , , , , , 0,
SIMPLE, 4, 5_5_1, 0, 921188667, , , , , , , , , , , 0,
SIMPLE, 4, 5_5_1, 0, 921408079, , , , , , , , , , , 0,
SIMPLE, 4, 5_5_1, 0, 916141277, , , , , , , , , , , 0,
SIMPLE, 4, 5_5_3, 0, 925149898, , , , , , , , , , , 0,
SIMPLE, 4, 5_5_3, 0, 927468672, , , , , , , , , , , 0,
SIMPLE, 4, 5_5_3, 0, 913209402, , , , , , , , , , , 0,
SIMPLE, 4, 5_5_5, 0, 898646811, , , , , , , , , , , 0,
SIMPLE, 4, 5_5_5, 0, 909393272, , , , , , , , , , , 0,
SIMPLE, 4, 5_5_5, 0, 902984136, , , , , , , , , , , 0,
SIMPLE, 4, 5_5_10, 0, 911383003, , , , , , , , , , , 0,
SIMPLE, 4, 5_5_10, 0, 924229113, , , , , , , , , , , 0,
SIMPLE, 4, 5_5_10, 0, 912593209, , , , , , , , , , , 0,
SIMPLE, 4, 5_5_25, 0, 908626251, , , , , , , , , , , 0,
SIMPLE, 4, 5_5_25, 0, 912631338, , , , , , , , , , , 0,
SIMPLE, 4, 5_5_25, 0, 913502763, , , , , , , , , , , 0,
SIMPLE, 4, 5_5_50, 0, 912332144, , , , , , , , , , , 0,
SIMPLE, 4, 5_5_50, 0, 904944100, , , , , , , , , , , 0,
SIMPLE, 4, 5_5_50, 0, 908951319, , , , , , , , , , , 0,
SIMPLE, 4, 5_5_100, 0, 920594968, , , , , , , , , , , 0,
SIMPLE, 4, 5_5_100, 0, 918625304, , , , , , , , , , , 0,
SIMPLE, 4, 5_5_100, 0, 913675305, , , , , , , , , , , 0,
SIMPLE, 4, 5_10_1, 0, 997673666, , , , , , , , , , , 0,
SIMPLE, 4, 5_10_1, 0, 987875951, , , , , , , , , , , 0,
SIMPLE, 4, 5_10_1, 0, 987107525, , , , , , , , , , , 0,
SIMPLE, 4, 5_10_3, 0, 972138324, , , , , , , , , , , 0,
SIMPLE, 4, 5_10_3, 0, 992486561, , , , , , , , , , , 0,
SIMPLE, 4, 5_10_3, 0, 994274471, , , , , , , , , , , 0,
SIMPLE, 4, 5_10_5, 0, 1105445691, , , , , , , , , , , 0,
SIMPLE, 4, 5_10_5, 0, 1114738613, , , , , , , , , , , 0,
SIMPLE, 4, 5_10_5, 0, 1102060822, , , , , , , , , , , 0,
SIMPLE, 4, 5_10_10, 0, 1082045005, , , , , , , , , , , 0,
SIMPLE, 4, 5_10_10, 0, 1082703292, , , , , , , , , , , 0,
SIMPLE, 4, 5_10_10, 0, 1101723012, , , , , , , , , , , 0,
SIMPLE, 4, 5_10_25, 0, 961557552, , , , , , , , , , , 0,
SIMPLE, 4, 5_10_25, 0, 973170573, , , , , , , , , , , 0,
SIMPLE, 4, 5_10_25, 0, 979123908, , , , , , , , , , , 0,
SIMPLE, 4, 5_10_50, 0, 962248038, , , , , , , , , , , 0,
SIMPLE, 4, 5_10_50, 0, 964441170, , , , , , , , , , , 0,
SIMPLE, 4, 5_10_50, 0, 971139819, , , , , , , , , , , 0,
SIMPLE, 4, 5_10_100, 0, 973938400, , , , , , , , , , , 0,
SIMPLE, 4, 5_10_100, 0, 966746054, , , , , , , , , , , 0,
SIMPLE, 4, 5_10_100, 0, 963063171, , , , , , , , , , , 0,
SIMPLE, 4, 5_25_1, 0, 1092312909, , , , , , , , , , , 0,
SIMPLE, 4, 5_25_1, 0, 1078109995, , , , , , , , , , , 0,
SIMPLE, 4, 5_25_1, 0, 1077943953, , , , , , , , , , , 0,
SIMPLE, 4, 5_25_3, 0, 1106327965, , , , , , , , , , , 0,
SIMPLE, 4, 5_25_3, 0, 1087547198, , , , , , , , , , , 0,
SIMPLE, 4, 5_25_3, 0, 1096612327, , , , , , , , , , , 0,
SIMPLE, 4, 5_25_5, 0, 1163604870, , , , , , , , , , , 0,
SIMPLE, 4, 5_25_5, 0, 1153062359, , , , , , , , , , , 0,
SIMPLE, 4, 5_25_5, 0, 1150774766, , , , , , , , , , , 0,
SIMPLE, 4, 5_25_10, 0, 1077092840, , , , , , , , , , , 0,
SIMPLE, 4, 5_25_10, 0, 1082851573, , , , , , , , , , , 0,
SIMPLE, 4, 5_25_10, 0, 1082653680, , , , , , , , , , , 0,
SIMPLE, 4, 5_25_25, 0, 1068821413, , , , , , , , , , , 0,
SIMPLE, 4, 5_25_25, 0, 1078357020, , , , , , , , , , , 0,
SIMPLE, 4, 5_25_25, 0, 1065269932, , , , , , , , , , , 0,
SIMPLE, 4, 5_25_50, 0, 1046861669, , , , , , , , , , , 0,
SIMPLE, 4, 5_25_50, 0, 1063617022, , , , , , , , , , , 0,
SIMPLE, 4, 5_25_50, 0, 1061469974, , , , , , , , , , , 0,
SIMPLE, 4, 5_25_100, 0, 1044499465, , , , , , , , , , , 0,
SIMPLE, 4, 5_25_100, 0, 1039924475, , , , , , , , , , , 0,
SIMPLE, 4, 5_25_100, 0, 1040096129, , , , , , , , , , , 0,
SIMPLE, 4, 5_50_1, 0, 1049611026, , , , , , , , , , , 0,
SIMPLE, 4, 5_50_1, 0, 1054250830, , , , , , , , , , , 0,
SIMPLE, 4, 5_50_1, 0, 1055973178, , , , , , , , , , , 0,
SIMPLE, 4, 5_50_3, 0, 1007351921, , , , , , , , , , , 0,
SIMPLE, 4, 5_50_3, 0, 1014927764, , , , , , , , , , , 0,
SIMPLE, 4, 5_50_3, 0, 1011389326, , , , , , , , , , , 0,
SIMPLE, 4, 5_50_5, 0, 1164414067, , , , , , , , , , , 0,
SIMPLE, 4, 5_50_5, 0, 1150401719, , , , , , , , , , , 0,
SIMPLE, 4, 5_50_5, 0, 1151865040, , , , , , , , , , , 0,
SIMPLE, 4, 5_50_10, 0, 1105383450, , , , , , , , , , , 0,
SIMPLE, 4, 5_50_10, 0, 1111314637, , , , , , , , , , , 0,
SIMPLE, 4, 5_50_10, 0, 1122601041, , , , , , , , , , , 0,
SIMPLE, 4, 5_50_25, 0, 1098432859, , , , , , , , , , , 0,
SIMPLE, 4, 5_50_25, 0, 1071853036, , , , , , , , , , , 0,
SIMPLE, 4, 5_50_25, 0, 1084083471, , , , , , , , , , , 0,
SIMPLE, 4, 5_50_50, 0, 1002789128, , , , , , , , , , , 0,
SIMPLE, 4, 5_50_50, 0, 989666590, , , , , , , , , , , 0,
SIMPLE, 4, 5_50_50, 0, 1007767358, , , , , , , , , , , 0,
SIMPLE, 4, 5_50_100, 0, 1130411080, , , , , , , , , , , 0,
SIMPLE, 4, 5_50_100, 0, 1145847200, , , , , , , , , , , 0,
SIMPLE, 4, 5_50_100, 0, 1129748805, , , , , , , , , , , 0,
SIMPLE, 4, 5_100_100, 0, 790376271, , , , , , , , , , , 0,
SIMPLE, 4, 5_100_100, 0, 805840555, , , , , , , , , , , 0,
SIMPLE, 4, 5_100_100, 0, 793137044, , , , , , , , , , , 0,
SIMPLE, 8, 5_0_0, 0, 1309594694, , , , , , , , , , , 0,
SIMPLE, 8, 5_0_0, 0, 1307573322, , , , , , , , , , , 0,
SIMPLE, 8, 5_0_0, 0, 1302860412, , , , , , , , , , , 0,
SIMPLE, 8, 5_1_1, 0, 1415142454, , , , , , , , , , , 0,
SIMPLE, 8, 5_1_1, 0, 1420389604, , , , , , , , , , , 0,
SIMPLE, 8, 5_1_1, 0, 1413616561, , , , , , , , , , , 0,
SIMPLE, 8, 5_1_3, 0, 1370413604, , , , , , , , , , , 0,
SIMPLE, 8, 5_1_3, 0, 1413168411, , , , , , , , , , , 0,
SIMPLE, 8, 5_1_3, 0, 1392664646, , , , , , , , , , , 0,
SIMPLE, 8, 5_1_5, 0, 1417093249, , , , , , , , , , , 0,
SIMPLE, 8, 5_1_5, 0, 1399693642, , , , , , , , , , , 0,
SIMPLE, 8, 5_1_5, 0, 1399039196, , , , , , , , , , , 0,
SIMPLE, 8, 5_1_10, 0, 1624194339, , , , , , , , , , , 0,
SIMPLE, 8, 5_1_10, 0, 1620687331, , , , , , , , , , , 0,
SIMPLE, 8, 5_1_10, 0, 1646172416, , , , , , , , , , , 0,
SIMPLE, 8, 5_1_25, 0, 1401665158, , , , , , , , , , , 0,
SIMPLE, 8, 5_1_25, 0, 1391581050, , , , , , , , , , , 0,
SIMPLE, 8, 5_1_25, 0, 1400329031, , , , , , , , , , , 0,
SIMPLE, 8, 5_1_50, 0, 1411136954, , , , , , , , , , , 0,
SIMPLE, 8, 5_1_50, 0, 1397183014, , , , , , , , , , , 0,
SIMPLE, 8, 5_1_50, 0, 1416696609, , , , , , , , , , , 0,
SIMPLE, 8, 5_1_100, 0, 1412033324, , , , , , , , , , , 0,
SIMPLE, 8, 5_1_100, 0, 1408662760, , , , , , , , , , , 0,
SIMPLE, 8, 5_1_100, 0, 1402773694, , , , , , , , , , , 0,
SIMPLE, 8, 5_3_1, 0, 1405387638, , , , , , , , , , , 0,
SIMPLE, 8, 5_3_1, 0, 1427151541, , , , , , , , , , , 0,
SIMPLE, 8, 5_3_1, 0, 1422020017, , , , , , , , , , , 0,
SIMPLE, 8, 5_3_3, 0, 1446772884, , , , , , , , , , , 0,
SIMPLE, 8, 5_3_3, 0, 1436203982, , , , , , , , , , , 0,
SIMPLE, 8, 5_3_3, 0, 1438851522, , , , , , , , , , , 0,
SIMPLE, 8, 5_3_5, 0, 1449046684, , , , , , , , , , , 0,
SIMPLE, 8, 5_3_5, 0, 1458964687, , , , , , , , , , , 0,
SIMPLE, 8, 5_3_5, 0, 1445620813, , , , , , , , , , , 0,
SIMPLE, 8, 5_3_10, 0, 1639455661, , , , , , , , , , , 0,
SIMPLE, 8, 5_3_10, 0, 1624406025, , , , , , , , , , , 0,
SIMPLE, 8, 5_3_10, 0, 1619180099, , , , , , , , , , , 0,
SIMPLE, 8, 5_3_25, 0, 1469734185, , , , , , , , , , , 0,
SIMPLE, 8, 5_3_25, 0, 1425859609, , , , , , , , , , , 0,
SIMPLE, 8, 5_3_25, 0, 1426155972, , , , , , , , , , , 0,
SIMPLE, 8, 5_3_50, 0, 1674037444, , , , , , , , , , , 0,
SIMPLE, 8, 5_3_50, 0, 1664629670, , , , , , , , , , , 0,
SIMPLE, 8, 5_3_50, 0, 1692859362, , , , , , , , , , , 0,
SIMPLE, 8, 5_3_100, 0, 1459518090, , , , , , , , , , , 0,
SIMPLE, 8, 5_3_100, 0, 1466512325, , , , , , , , , , , 0,
SIMPLE, 8, 5_3_100, 0, 1446293356, , , , , , , , , , , 0,
SIMPLE, 8, 5_5_1, 0, 1661024809, , , , , , , , , , , 0,
SIMPLE, 8, 5_5_1, 0, 1698714929, , , , , , , , , , , 0,
SIMPLE, 8, 5_5_1, 0, 1659503733, , , , , , , , , , , 0,
SIMPLE, 8, 5_5_3, 0, 1489795109, , , , , , , , , , , 0,
SIMPLE, 8, 5_5_3, 0, 1484105509, , , , , , , , , , , 0,
SIMPLE, 8, 5_5_3, 0, 1480185834, , , , , , , , , , , 0,
SIMPLE, 8, 5_5_5, 0, 1489059694, , , , , , , , , , , 0,
SIMPLE, 8, 5_5_5, 0, 1451997125, , , , , , , , , , , 0,
SIMPLE, 8, 5_5_5, 0, 1451220305, , , , , , , , , , , 0,
SIMPLE, 8, 5_5_10, 0, 1463641469, , , , , , , , , , , 0,
SIMPLE, 8, 5_5_10, 0, 1454735594, , , , , , , , , , , 0,
SIMPLE, 8, 5_5_10, 0, 1463237730, , , , , , , , , , , 0,
SIMPLE, 8, 5_5_25, 0, 1482723961, , , , , , , , , , , 0,
SIMPLE, 8, 5_5_25, 0, 1457828255, , , , , , , , , , , 0,
SIMPLE, 8, 5_5_25, 0, 1467164883, , , , , , , , , , , 0,
SIMPLE, 8, 5_5_50, 0, 1669302111, , , , , , , , , , , 0,
SIMPLE, 8, 5_5_50, 0, 1680349212, , , , , , , , , , , 0,
SIMPLE, 8, 5_5_50, 0, 1666212751, , , , , , , , , , , 0,
SIMPLE, 8, 5_5_100, 0, 1478212365, , , , , , , , , , , 0,
SIMPLE, 8, 5_5_100, 0, 1490033463, , , , , , , , , , , 0,
SIMPLE, 8, 5_5_100, 0, 1462309687, , , , , , , , , , , 0,
SIMPLE, 8, 5_10_1, 0, 1722365091, , , , , , , , , , , 0,
SIMPLE, 8, 5_10_1, 0, 1688113262, , , , , , , , , , , 0,
SIMPLE, 8, 5_10_1, 0, 1688676383, , , , , , , , , , , 0,
SIMPLE, 8, 5_10_3, 0, 1674512805, , , , , , , , , , , 0,
SIMPLE, 8, 5_10_3, 0, 1678028997, , , , , , , , , , , 0,
SIMPLE, 8, 5_10_3, 0, 1692296563, , , , , , , , , , , 0,
SIMPLE, 8, 5_10_5, 0, 1669445851, , , , , , , , , , , 0,
SIMPLE, 8, 5_10_5, 0, 1680291057, , , , , , , , , , , 0,
SIMPLE, 8, 5_10_5, 0, 1672856918, , , , , , , , , , , 0,
SIMPLE, 8, 5_10_10, 0, 1649849528, , , , , , , , , , , 0,
SIMPLE, 8, 5_10_10, 0, 1661112671, , , , , , , , , , , 0,
SIMPLE, 8, 5_10_10, 0, 1647437809, , , , , , , , , , , 0,
SIMPLE, 8, 5_10_25, 0, 1662747236, , , , , , , , , , , 0,
SIMPLE, 8, 5_10_25, 0, 1658285308, , , , , , , , , , , 0,
SIMPLE, 8, 5_10_25, 0, 1654472312, , , , , , , , , , , 0,
SIMPLE, 8, 5_10_50, 0, 1701245940, , , , , , , , , , , 0,
SIMPLE, 8, 5_10_50, 0, 1686973246, , , , , , , , , , , 0,
SIMPLE, 8, 5_10_50, 0, 1708686146, , , , , , , , , , , 0,
SIMPLE, 8, 5_10_100, 0, 1664940047, , , , , , , , , , , 0,
SIMPLE, 8, 5_10_100, 0, 1678587621, , , , , , , , , , , 0,
SIMPLE, 8, 5_10_100, 0, 1655524395, , , , , , , , , , , 0,
SIMPLE, 8, 5_25_1, 0, 1676751205, , , , , , , , , , , 0,
SIMPLE, 8, 5_25_1, 0, 1665226267, , , , , , , , , , , 0,
SIMPLE, 8, 5_25_1, 0, 1663988023, , , , , , , , , , , 0,
SIMPLE, 8, 5_25_3, 0, 1702409785, , , , , , , , , , , 0,
SIMPLE, 8, 5_25_3, 0, 1691742534, , , , , , , , , , , 0,
SIMPLE, 8, 5_25_3, 0, 1698094986, , , , , , , , , , , 0,
SIMPLE, 8, 5_25_5, 0, 1644010270, , , , , , , , , , , 0,
SIMPLE, 8, 5_25_5, 0, 1645197832, , , , , , , , , , , 0,
SIMPLE, 8, 5_25_5, 0, 1643253259, , , , , , , , , , , 0,
SIMPLE, 8, 5_25_10, 0, 1526051307, , , , , , , , , , , 0,
SIMPLE, 8, 5_25_10, 0, 1517827265, , , , , , , , , , , 0,
SIMPLE, 8, 5_25_10, 0, 1517672630, , , , , , , , , , , 0,
SIMPLE, 8, 5_25_25, 0, 1731410316, , , , , , , , , , , 0,
SIMPLE, 8, 5_25_25, 0, 1708020012, , , , , , , , , , , 0,
SIMPLE, 8, 5_25_25, 0, 1716252156, , , , , , , , , , , 0,
SIMPLE, 8, 5_25_50, 0, 1658367637, , , , , , , , , , , 0,
SIMPLE, 8, 5_25_50, 0, 1625181107, , , , , , , , , , , 0,
SIMPLE, 8, 5_25_50, 0, 1612133618, , , , , , , , , , , 0,
SIMPLE, 8, 5_25_100, 0, 1659678848, , , , , , , , , , , 0,
SIMPLE, 8, 5_25_100, 0, 1630513653, , , , , , , , , , , 0,
SIMPLE, 8, 5_25_100, 0, 1630634838, , , , , , , , , , , 0,
SIMPLE, 8, 5_50_1, 0, 1422006271, , , , , , , , , , , 0,
SIMPLE, 8, 5_50_1, 0, 1407226452, , , , , , , , , , , 0,
SIMPLE, 8, 5_50_1, 0, 1408041365, , , , , , , , , , , 0,
SIMPLE, 8, 5_50_3, 0, 1382637697, , , , , , , , , , , 0,
SIMPLE, 8, 5_50_3, 0, 1384343148, , , , , , , , , , , 0,
SIMPLE, 8, 5_50_3, 0, 1398003034, , , , , , , , , , , 0,
SIMPLE, 8, 5_50_5, 0, 1273769411, , , , , , , , , , , 0,
SIMPLE, 8, 5_50_5, 0, 1290039772, , , , , , , , , , , 0,
SIMPLE, 8, 5_50_5, 0, 1262748363, , , , , , , , , , , 0,
SIMPLE, 8, 5_50_10, 0, 1407910465, , , , , , , , , , , 0,
SIMPLE, 8, 5_50_10, 0, 1433253126, , , , , , , , , , , 0,
SIMPLE, 8, 5_50_10, 0, 1415910585, , , , , , , , , , , 0,
SIMPLE, 8, 5_50_25, 0, 1336433054, , , , , , , , , , , 0,
SIMPLE, 8, 5_50_25, 0, 1336825475, , , , , , , , , , , 0,
SIMPLE, 8, 5_50_25, 0, 1333864265, , , , , , , , , , , 0,
SIMPLE, 8, 5_50_50, 0, 1214616133, , , , , , , , , , , 0,
SIMPLE, 8, 5_50_50, 0, 1206935975, , , , , , , , , , , 0,
SIMPLE, 8, 5_50_50, 0, 1218797294, , , , , , , , , , , 0,
SIMPLE, 8, 5_50_100, 0, 1382908029, , , , , , , , , , , 0,
SIMPLE, 8, 5_50_100, 0, 1390456333, , , , , , , , , , , 0,
SIMPLE, 8, 5_50_100, 0, 1385004506, , , , , , , , , , , 0,
SIMPLE, 8, 5_100_100, 0, 583237343, , , , , , , , , , , 0,
SIMPLE, 8, 5_100_100, 0, 580162393, , , , , , , , , , , 0,
SIMPLE, 8, 5_100_100, 0, 580942376, , , , , , , , , , , 0,
SIMPLE, 16, 5_0_0, 0, 2615856734, , , , , , , , , , , 0,
SIMPLE, 16, 5_0_0, 0, 2599695695, , , , , , , , , , , 0,
SIMPLE, 16, 5_0_0, 0, 2622318434, , , , , , , , , , , 0,
SIMPLE, 16, 5_1_1, 0, 2931545785, , , , , , , , , , , 0,
SIMPLE, 16, 5_1_1, 0, 2936794213, , , , , , , , , , , 0,
SIMPLE, 16, 5_1_1, 0, 2932387086, , , , , , , , , , , 0,
SIMPLE, 16, 5_1_3, 0, 2989621424, , , , , , , , , , , 0,
SIMPLE, 16, 5_1_3, 0, 2966270064, , , , , , , , , , , 0,
SIMPLE, 16, 5_1_3, 0, 2968372994, , , , , , , , , , , 0,
SIMPLE, 16, 5_1_5, 0, 2969638056, , , , , , , , , , , 0,
SIMPLE, 16, 5_1_5, 0, 3007405415, , , , , , , , , , , 0,
SIMPLE, 16, 5_1_5, 0, 3000270350, , , , , , , , , , , 0,
SIMPLE, 16, 5_1_10, 0, 2946382978, , , , , , , , , , , 0,
SIMPLE, 16, 5_1_10, 0, 2999558352, , , , , , , , , , , 0,
SIMPLE, 16, 5_1_10, 0, 2987358111, , , , , , , , , , , 0,
SIMPLE, 16, 5_1_25, 0, 2952295725, , , , , , , , , , , 0,
SIMPLE, 16, 5_1_25, 0, 2992090120, , , , , , , , , , , 0,
SIMPLE, 16, 5_1_25, 0, 2972911479, , , , , , , , , , , 0,
SIMPLE, 16, 5_1_50, 0, 2651660558, , , , , , , , , , , 0,
SIMPLE, 16, 5_1_50, 0, 2636392309, , , , , , , , , , , 0,
SIMPLE, 16, 5_1_50, 0, 2629016334, , , , , , , , , , , 0,
SIMPLE, 16, 5_1_100, 0, 2622910911, , , , , , , , , , , 0,
SIMPLE, 16, 5_1_100, 0, 2619319875, , , , , , , , , , , 0,
SIMPLE, 16, 5_1_100, 0, 2626306995, , , , , , , , , , , 0,
SIMPLE, 16, 5_3_1, 0, 2635179655, , , , , , , , , , , 0,
SIMPLE, 16, 5_3_1, 0, 2639624751, , , , , , , , , , , 0,
SIMPLE, 16, 5_3_1, 0, 2643594843, , , , , , , , , , , 0,
SIMPLE, 16, 5_3_3, 0, 2944633390, , , , , , , , , , , 0,
SIMPLE, 16, 5_3_3, 0, 2935471510, , , , , , , , , , , 0,
SIMPLE, 16, 5_3_3, 0, 2933661257, , , , , , , , , , , 0,
SIMPLE, 16, 5_3_5, 0, 2884737785, , , , , , , , , , , 0,
SIMPLE, 16, 5_3_5, 0, 2880854600, , , , , , , , , , , 0,
SIMPLE, 16, 5_3_5, 0, 2884134450, , , , , , , , , , , 0,
SIMPLE, 16, 5_3_10, 0, 2937696868, , , , , , , , , , , 0,
SIMPLE, 16, 5_3_10, 0, 2938504210, , , , , , , , , , , 0,
SIMPLE, 16, 5_3_10, 0, 2929892870, , , , , , , , , , , 0,
SIMPLE, 16, 5_3_25, 0, 2690587737, , , , , , , , , , , 0,
SIMPLE, 16, 5_3_25, 0, 2647556398, , , , , , , , , , , 0,
SIMPLE, 16, 5_3_25, 0, 2639287228, , , , , , , , , , , 0,
SIMPLE, 16, 5_3_50, 0, 2671570959, , , , , , , , , , , 0,
SIMPLE, 16, 5_3_50, 0, 2658430002, , , , , , , , , , , 0,
SIMPLE, 16, 5_3_50, 0, 2659068967, , , , , , , , , , , 0,
SIMPLE, 16, 5_3_100, 0, 2946953045, , , , , , , , , , , 0,
SIMPLE, 16, 5_3_100, 0, 2933455195, , , , , , , , , , , 0,
SIMPLE, 16, 5_3_100, 0, 2934146578, , , , , , , , , , , 0,
SIMPLE, 16, 5_5_1, 0, 2697226906, , , , , , , , , , , 0,
SIMPLE, 16, 5_5_1, 0, 2687376429, , , , , , , , , , , 0,
SIMPLE, 16, 5_5_1, 0, 2690295776, , , , , , , , , , , 0,
SIMPLE, 16, 5_5_3, 0, 2935324984, , , , , , , , , , , 0,
SIMPLE, 16, 5_5_3, 0, 2937650625, , , , , , , , , , , 0,
SIMPLE, 16, 5_5_3, 0, 2927103316, , , , , , , , , , , 0,
SIMPLE, 16, 5_5_5, 0, 2853131846, , , , , , , , , , , 0,
SIMPLE, 16, 5_5_5, 0, 2893518970, , , , , , , , , , , 0,
SIMPLE, 16, 5_5_5, 0, 2878016107, , , , , , , , , , , 0,
SIMPLE, 16, 5_5_10, 0, 2873124033, , , , , , , , , , , 0,
SIMPLE, 16, 5_5_10, 0, 2903327973, , , , , , , , , , , 0,
SIMPLE, 16, 5_5_10, 0, 2890009478, , , , , , , , , , , 0,
SIMPLE, 16, 5_5_25, 0, 2647566982, , , , , , , , , , , 0,
SIMPLE, 16, 5_5_25, 0, 2656442290, , , , , , , , , , , 0,
SIMPLE, 16, 5_5_25, 0, 2667766663, , , , , , , , , , , 0,
SIMPLE, 16, 5_5_50, 0, 2914518791, , , , , , , , , , , 0,
SIMPLE, 16, 5_5_50, 0, 2932684166, , , , , , , , , , , 0,
SIMPLE, 16, 5_5_50, 0, 2942721407, , , , , , , , , , , 0,
SIMPLE, 16, 5_5_100, 0, 2901568794, , , , , , , , , , , 0,
SIMPLE, 16, 5_5_100, 0, 2939014519, , , , , , , , , , , 0,
SIMPLE, 16, 5_5_100, 0, 2944885546, , , , , , , , , , , 0,
SIMPLE, 16, 5_10_1, 0, 2915575293, , , , , , , , , , , 0,
SIMPLE, 16, 5_10_1, 0, 2915672128, , , , , , , , , , , 0,
SIMPLE, 16, 5_10_1, 0, 2919699484, , , , , , , , , , , 0,
SIMPLE, 16, 5_10_3, 0, 2666001742, , , , , , , , , , , 0,
SIMPLE, 16, 5_10_3, 0, 2724719583, , , , , , , , , , , 0,
SIMPLE, 16, 5_10_3, 0, 2725410270, , , , , , , , , , , 0,
SIMPLE, 16, 5_10_5, 0, 2675238769, , , , , , , , , , , 0,
SIMPLE, 16, 5_10_5, 0, 2734068158, , , , , , , , , , , 0,
SIMPLE, 16, 5_10_5, 0, 2702832590, , , , , , , , , , , 0,
SIMPLE, 16, 5_10_10, 0, 2883035213, , , , , , , , , , , 0,
SIMPLE, 16, 5_10_10, 0, 2857417747, , , , , , , , , , , 0,
SIMPLE, 16, 5_10_10, 0, 2882463322, , , , , , , , , , , 0,
SIMPLE, 16, 5_10_25, 0, 2930736421, , , , , , , , , , , 0,
SIMPLE, 16, 5_10_25, 0, 2916860148, , , , , , , , , , , 0,
SIMPLE, 16, 5_10_25, 0, 2925808915, , , , , , , , , , , 0,
SIMPLE, 16, 5_10_50, 0, 2862860590, , , , , , , , , , , 0,
SIMPLE, 16, 5_10_50, 0, 2868608423, , , , , , , , , , , 0,
SIMPLE, 16, 5_10_50, 0, 2878991377, , , , , , , , , , , 0,
SIMPLE, 16, 5_10_100, 0, 2837136486, , , , , , , , , , , 0,
SIMPLE, 16, 5_10_100, 0, 2832861058, , , , , , , , , , , 0,
SIMPLE, 16, 5_10_100, 0, 2829348785, , , , , , , , , , , 0,
SIMPLE, 16, 5_25_1, 0, 2701820810, , , , , , , , , , , 0,
SIMPLE, 16, 5_25_1, 0, 2663567932, , , , , , , , , , , 0,
SIMPLE, 16, 5_25_1, 0, 2667683058, , , , , , , , , , , 0,
SIMPLE, 16, 5_25_3, 0, 2556820560, , , , , , , , , , , 0,
SIMPLE, 16, 5_25_3, 0, 2548343256, , , , , , , , , , , 0,
SIMPLE, 16, 5_25_3, 0, 2550632270, , , , , , , , , , , 0,
SIMPLE, 16, 5_25_5, 0, 2564279375, , , , , , , , , , , 0,
SIMPLE, 16, 5_25_5, 0, 2567201240, , , , , , , , , , , 0,
SIMPLE, 16, 5_25_5, 0, 2553198888, , , , , , , , , , , 0,
SIMPLE, 16, 5_25_10, 0, 2686851813, , , , , , , , , , , 0,
SIMPLE, 16, 5_25_10, 0, 2712293039, , , , , , , , , , , 0,
SIMPLE, 16, 5_25_10, 0, 2695708692, , , , , , , , , , , 0,
SIMPLE, 16, 5_25_25, 0, 2719119740, , , , , , , , , , , 0,
SIMPLE, 16, 5_25_25, 0, 2703362209, , , , , , , , , , , 0,
SIMPLE, 16, 5_25_25, 0, 2702750837, , , , , , , , , , , 0,
SIMPLE, 16, 5_25_50, 0, 2511884928, , , , , , , , , , , 0,
SIMPLE, 16, 5_25_50, 0, 2472688557, , , , , , , , , , , 0,
SIMPLE, 16, 5_25_50, 0, 2472538244, , , , , , , , , , , 0,
SIMPLE, 16, 5_25_100, 0, 2721504983, , , , , , , , , , , 0,
SIMPLE, 16, 5_25_100, 0, 2732332299, , , , , , , , , , , 0,
SIMPLE, 16, 5_25_100, 0, 2745014285, , , , , , , , , , , 0,
SIMPLE, 16, 5_50_1, 0, 2169472111, , , , , , , , , , , 0,
SIMPLE, 16, 5_50_1, 0, 2166092538, , , , , , , , , , , 0,
SIMPLE, 16, 5_50_1, 0, 2170409512, , , , , , , , , , , 0,
SIMPLE, 16, 5_50_3, 0, 2232650444, , , , , , , , , , , 0,
SIMPLE, 16, 5_50_3, 0, 2218353545, , , , , , , , , , , 0,
SIMPLE, 16, 5_50_3, 0, 2246096758, , , , , , , , , , , 0,
SIMPLE, 16, 5_50_5, 0, 1934755088, , , , , , , , , , , 0,
SIMPLE, 16, 5_50_5, 0, 1934699315, , , , , , , , , , , 0,
SIMPLE, 16, 5_50_5, 0, 1934368415, , , , , , , , , , , 0,
SIMPLE, 16, 5_50_10, 0, 2128681884, , , , , , , , , , , 0,
SIMPLE, 16, 5_50_10, 0, 2123368775, , , , , , , , , , , 0,
SIMPLE, 16, 5_50_10, 0, 2103355170, , , , , , , , , , , 0,
SIMPLE, 16, 5_50_25, 0, 1884049576, , , , , , , , , , , 0,
SIMPLE, 16, 5_50_25, 0, 1884559139, , , , , , , , , , , 0,
SIMPLE, 16, 5_50_25, 0, 1902159293, , , , , , , , , , , 0,
SIMPLE, 16, 5_50_50, 0, 1921113849, , , , , , , , , , , 0,
SIMPLE, 16, 5_50_50, 0, 1912489144, , , , , , , , , , , 0,
SIMPLE, 16, 5_50_50, 0, 1905405474, , , , , , , , , , , 0,
SIMPLE, 16, 5_50_100, 0, 2133152929, , , , , , , , , , , 0,
SIMPLE, 16, 5_50_100, 0, 2112970539, , , , , , , , , , , 0,
SIMPLE, 16, 5_50_100, 0, 2120586254, , , , , , , , , , , 0,
SIMPLE, 16, 5_100_100, 0, 751915104, , , , , , , , , , , 0,
SIMPLE, 16, 5_100_100, 0, 723038667, , , , , , , , , , , 0,
SIMPLE, 16, 5_100_100, 0, 721467060, , , , , , , , , , , 0,
