SIMPLE, 1, 5_0_0, 0, 199429688, , , , , , , , , , , 0, 
SIMPLE, 1, 5_0_0, 0, 199044439, , , , , , , , , , , 0, 
SIMPLE, 1, 5_0_0, 0, 198704306, , , , , , , , , , , 0, 
SIMPLE, 1, 5_1_1, 0, 264876520, , , , , , , , , , , 0, 
SIMPLE, 1, 5_1_1, 0, 264397829, , , , , , , , , , , 0, 
SIMPLE, 1, 5_1_1, 0, 264314110, , , , , , , , , , , 0, 
SIMPLE, 1, 5_1_3, 0, 241068518, , , , , , , , , , , 0, 
SIMPLE, 1, 5_1_3, 0, 238409695, , , , , , , , , , , 0, 
SIMPLE, 1, 5_1_3, 0, 238146164, , , , , , , , , , , 0, 
SIMPLE, 1, 5_1_5, 0, 252343858, , , , , , , , , , , 0, 
SIMPLE, 1, 5_1_5, 0, 251332236, , , , , , , , , , , 0, 
SIMPLE, 1, 5_1_5, 0, 251332686, , , , , , , , , , , 0, 
SIMPLE, 1, 5_1_10, 0, 259473731, , , , , , , , , , , 0, 
SIMPLE, 1, 5_1_10, 0, 254379408, , , , , , , , , , , 0, 
SIMPLE, 1, 5_1_10, 0, 254658849, , , , , , , , , , , 0, 
SIMPLE, 1, 5_1_25, 0, 253119321, , , , , , , , , , , 0, 
SIMPLE, 1, 5_1_25, 0, 252195944, , , , , , , , , , , 0, 
SIMPLE, 1, 5_1_25, 0, 252045870, , , , , , , , , , , 0, 
SIMPLE, 1, 5_1_50, 0, 257550643, , , , , , , , , , , 0, 
SIMPLE, 1, 5_1_50, 0, 252895492, , , , , , , , , , , 0, 
SIMPLE, 1, 5_1_50, 0, 255462858, , , , , , , , , , , 0, 
SIMPLE, 1, 5_1_100, 0, 254003901, , , , , , , , , , , 0, 
SIMPLE, 1, 5_1_100, 0, 251563463, , , , , , , , , , , 0, 
SIMPLE, 1, 5_1_100, 0, 251420043, , , , , , , , , , , 0, 
SIMPLE, 1, 5_3_1, 0, 252028405, , , , , , , , , , , 0, 
SIMPLE, 1, 5_3_1, 0, 250621193, , , , , , , , , , , 0, 
SIMPLE, 1, 5_3_1, 0, 250258206, , , , , , , , , , , 0, 
SIMPLE, 1, 5_3_3, 0, 275175070, , , , , , , , , , , 0, 
SIMPLE, 1, 5_3_3, 0, 273113713, , , , , , , , , , , 0, 
SIMPLE, 1, 5_3_3, 0, 272804241, , , , , , , , , , , 0, 
SIMPLE, 1, 5_3_5, 0, 276628449, , , , , , , , , , , 0, 
SIMPLE, 1, 5_3_5, 0, 276169503, , , , , , , , , , , 0, 
SIMPLE, 1, 5_3_5, 0, 275998400, , , , , , , , , , , 0, 
SIMPLE, 1, 5_3_10, 0, 274090090, , , , , , , , , , , 0, 
SIMPLE, 1, 5_3_10, 0, 274559088, , , , , , , , , , , 0, 
SIMPLE, 1, 5_3_10, 0, 274891093, , , , , , , , , , , 0, 
SIMPLE, 1, 5_3_25, 0, 282123582, , , , , , , , , , , 0, 
SIMPLE, 1, 5_3_25, 0, 279519976, , , , , , , , , , , 0, 
SIMPLE, 1, 5_3_25, 0, 279873235, , , , , , , , , , , 0, 
SIMPLE, 1, 5_3_50, 0, 285203348, , , , , , , , , , , 0, 
SIMPLE, 1, 5_3_50, 0, 283892060, , , , , , , , , , , 0, 
SIMPLE, 1, 5_3_50, 0, 283378471, , , , , , , , , , , 0, 
SIMPLE, 1, 5_3_100, 0, 287277698, , , , , , , , , , , 0, 
SIMPLE, 1, 5_3_100, 0, 284949973, , , , , , , , , , , 0, 
SIMPLE, 1, 5_3_100, 0, 284640493, , , , , , , , , , , 0, 
SIMPLE, 1, 5_5_1, 0, 287995932, , , , , , , , , , , 0, 
SIMPLE, 1, 5_5_1, 0, 286695068, , , , , , , , , , , 0, 
SIMPLE, 1, 5_5_1, 0, 285979553, , , , , , , , , , , 0, 
SIMPLE, 1, 5_5_3, 0, 296442795, , , , , , , , , , , 0, 
SIMPLE, 1, 5_5_3, 0, 296104944, , , , , , , , , , , 0, 
SIMPLE, 1, 5_5_3, 0, 297955081, , , , , , , , , , , 0, 
SIMPLE, 1, 5_5_5, 0, 293279138, , , , , , , , , , , 0, 
SIMPLE, 1, 5_5_5, 0, 291508906, , , , , , , , , , , 0, 
SIMPLE, 1, 5_5_5, 0, 291544926, , , , , , , , , , , 0, 
SIMPLE, 1, 5_5_10, 0, 298326307, , , , , , , , , , , 0, 
SIMPLE, 1, 5_5_10, 0, 297784330, , , , , , , , , , , 0, 
SIMPLE, 1, 5_5_10, 0, 297387123, , , , , , , , , , , 0, 
SIMPLE, 1, 5_5_25, 0, 301853227, , , , , , , , , , , 0, 
SIMPLE, 1, 5_5_25, 0, 300578439, , , , , , , , , , , 0, 
SIMPLE, 1, 5_5_25, 0, 299409296, , , , , , , , , , , 0, 
SIMPLE, 1, 5_5_50, 0, 304099111, , , , , , , , , , , 0, 
SIMPLE, 1, 5_5_50, 0, 302335141, , , , , , , , , , , 0, 
SIMPLE, 1, 5_5_50, 0, 302299546, , , , , , , , , , , 0, 
SIMPLE, 1, 5_5_100, 0, 307565545, , , , , , , , , , , 0, 
SIMPLE, 1, 5_5_100, 0, 305073133, , , , , , , , , , , 0, 
SIMPLE, 1, 5_5_100, 0, 305178911, , , , , , , , , , , 0, 
SIMPLE, 1, 5_10_1, 0, 315509497, , , , , , , , , , , 0, 
SIMPLE, 1, 5_10_1, 0, 317899094, , , , , , , , , , , 0, 
SIMPLE, 1, 5_10_1, 0, 317630884, , , , , , , , , , , 0, 
SIMPLE, 1, 5_10_3, 0, 324499661, , , , , , , , , , , 0, 
SIMPLE, 1, 5_10_3, 0, 324015493, , , , , , , , , , , 0, 
SIMPLE, 1, 5_10_3, 0, 323439918, , , , , , , , , , , 0, 
SIMPLE, 1, 5_10_5, 0, 336206012, , , , , , , , , , , 0, 
SIMPLE, 1, 5_10_5, 0, 334679832, , , , , , , , , , , 0, 
SIMPLE, 1, 5_10_5, 0, 334973014, , , , , , , , , , , 0, 
SIMPLE, 1, 5_10_10, 0, 331547970, , , , , , , , , , , 0, 
SIMPLE, 1, 5_10_10, 0, 332492598, , , , , , , , , , , 0, 
SIMPLE, 1, 5_10_10, 0, 332685789, , , , , , , , , , , 0, 
SIMPLE, 1, 5_10_25, 0, 344531290, , , , , , , , , , , 0, 
SIMPLE, 1, 5_10_25, 0, 343884955, , , , , , , , , , , 0, 
SIMPLE, 1, 5_10_25, 0, 344072818, , , , , , , , , , , 0, 
SIMPLE, 1, 5_10_50, 0, 350375985, , , , , , , , , , , 0, 
SIMPLE, 1, 5_10_50, 0, 348609462, , , , , , , , , , , 0, 
SIMPLE, 1, 5_10_50, 0, 347955138, , , , , , , , , , , 0, 
SIMPLE, 1, 5_10_100, 0, 348924977, , , , , , , , , , , 0, 
SIMPLE, 1, 5_10_100, 0, 345980588, , , , , , , , , , , 0, 
SIMPLE, 1, 5_10_100, 0, 345880538, , , , , , , , , , , 0, 
SIMPLE, 1, 5_25_1, 0, 384853066, , , , , , , , , , , 0, 
SIMPLE, 1, 5_25_1, 0, 383615825, , , , , , , , , , , 0, 
SIMPLE, 1, 5_25_1, 0, 382774117, , , , , , , , , , , 0, 
SIMPLE, 1, 5_25_3, 0, 402878501, , , , , , , , , , , 0, 
SIMPLE, 1, 5_25_3, 0, 401851745, , , , , , , , , , , 0, 
SIMPLE, 1, 5_25_3, 0, 401629755, , , , , , , , , , , 0, 
SIMPLE, 1, 5_25_5, 0, 424805926, , , , , , , , , , , 0, 
SIMPLE, 1, 5_25_5, 0, 420693097, , , , , , , , , , , 0, 
SIMPLE, 1, 5_25_5, 0, 421125104, , , , , , , , , , , 0, 
SIMPLE, 1, 5_25_10, 0, 447040566, , , , , , , , , , , 0, 
SIMPLE, 1, 5_25_10, 0, 446090577, , , , , , , , , , , 0, 
SIMPLE, 1, 5_25_10, 0, 445178731, , , , , , , , , , , 0, 
SIMPLE, 1, 5_25_25, 0, 466437075, , , , , , , , , , , 0, 
SIMPLE, 1, 5_25_25, 0, 463412685, , , , , , , , , , , 0, 
SIMPLE, 1, 5_25_25, 0, 464425448, , , , , , , , , , , 0, 
SIMPLE, 1, 5_25_50, 0, 481677322, , , , , , , , , , , 0, 
SIMPLE, 1, 5_25_50, 0, 475895131, , , , , , , , , , , 0, 
SIMPLE, 1, 5_25_50, 0, 478775022, , , , , , , , , , , 0, 
SIMPLE, 1, 5_25_100, 0, 489895353, , , , , , , , , , , 0, 
SIMPLE, 1, 5_25_100, 0, 482024825, , , , , , , , , , , 0, 
SIMPLE, 1, 5_25_100, 0, 482918709, , , , , , , , , , , 0, 
SIMPLE, 1, 5_50_1, 0, 482514252, , , , , , , , , , , 0, 
SIMPLE, 1, 5_50_1, 0, 478054330, , , , , , , , , , , 0, 
SIMPLE, 1, 5_50_1, 0, 480602003, , , , , , , , , , , 0, 
SIMPLE, 1, 5_50_3, 0, 508756371, , , , , , , , , , , 0, 
SIMPLE, 1, 5_50_3, 0, 504651311, , , , , , , , , , , 0, 
SIMPLE, 1, 5_50_3, 0, 505451774, , , , , , , , , , , 0, 
SIMPLE, 1, 5_50_5, 0, 551341872, , , , , , , , , , , 0, 
SIMPLE, 1, 5_50_5, 0, 547816027, , , , , , , , , , , 0, 
SIMPLE, 1, 5_50_5, 0, 549681285, , , , , , , , , , , 0, 
SIMPLE, 1, 5_50_10, 0, 610139794, , , , , , , , , , , 0, 
SIMPLE, 1, 5_50_10, 0, 605791400, , , , , , , , , , , 0, 
SIMPLE, 1, 5_50_10, 0, 600895011, , , , , , , , , , , 0, 
SIMPLE, 1, 5_50_25, 0, 661304931, , , , , , , , , , , 0, 
SIMPLE, 1, 5_50_25, 0, 662381956, , , , , , , , , , , 0, 
SIMPLE, 1, 5_50_25, 0, 660544917, , , , , , , , , , , 0, 
SIMPLE, 1, 5_50_50, 0, 685784950, , , , , , , , , , , 0, 
SIMPLE, 1, 5_50_50, 0, 686457811, , , , , , , , , , , 0, 
SIMPLE, 1, 5_50_50, 0, 686686020, , , , , , , , , , , 0, 
SIMPLE, 1, 5_50_100, 0, 644516933, , , , , , , , , , , 0, 
SIMPLE, 1, 5_50_100, 0, 641518005, , , , , , , , , , , 0, 
SIMPLE, 1, 5_50_100, 0, 638692534, , , , , , , , , , , 0, 
SIMPLE, 1, 5_100_100, 0, 1147179666, , , , , , , , , , , 0, 
SIMPLE, 1, 5_100_100, 0, 1120500712, , , , , , , , , , , 0, 
SIMPLE, 1, 5_100_100, 0, 1122717400, , , , , , , , , , , 0, 
SIMPLE, 2, 5_0_0, 0, 229567449, , , , , , , , , , , 0, 
SIMPLE, 2, 5_0_0, 0, 221591815, , , , , , , , , , , 0, 
SIMPLE, 2, 5_0_0, 0, 222415667, , , , , , , , , , , 0, 
SIMPLE, 2, 5_1_1, 0, 419206151, , , , , , , , , , , 0, 
SIMPLE, 2, 5_1_1, 0, 419855248, , , , , , , , , , , 0, 
SIMPLE, 2, 5_1_1, 0, 420237888, , , , , , , , , , , 0, 
SIMPLE, 2, 5_1_3, 0, 360889297, , , , , , , , , , , 0, 
SIMPLE, 2, 5_1_3, 0, 363416728, , , , , , , , , , , 0, 
SIMPLE, 2, 5_1_3, 0, 362846513, , , , , , , , , , , 0, 
SIMPLE, 2, 5_1_5, 0, 391267695, , , , , , , , , , , 0, 
SIMPLE, 2, 5_1_5, 0, 388829607, , , , , , , , , , , 0, 
SIMPLE, 2, 5_1_5, 0, 387871112, , , , , , , , , , , 0, 
SIMPLE, 2, 5_1_10, 0, 389893365, , , , , , , , , , , 0, 
SIMPLE, 2, 5_1_10, 0, 393852244, , , , , , , , , , , 0, 
SIMPLE, 2, 5_1_10, 0, 393480183, , , , , , , , , , , 0, 
SIMPLE, 2, 5_1_25, 0, 386992167, , , , , , , , , , , 0, 
SIMPLE, 2, 5_1_25, 0, 391292141, , , , , , , , , , , 0, 
SIMPLE, 2, 5_1_25, 0, 391363455, , , , , , , , , , , 0, 
SIMPLE, 2, 5_1_50, 0, 395418826, , , , , , , , , , , 0, 
SIMPLE, 2, 5_1_50, 0, 390426436, , , , , , , , , , , 0, 
SIMPLE, 2, 5_1_50, 0, 389690783, , , , , , , , , , , 0, 
SIMPLE, 2, 5_1_100, 0, 387387381, , , , , , , , , , , 0, 
SIMPLE, 2, 5_1_100, 0, 390180794, , , , , , , , , , , 0, 
SIMPLE, 2, 5_1_100, 0, 390008397, , , , , , , , , , , 0, 
SIMPLE, 2, 5_3_1, 0, 360516468, , , , , , , , , , , 0, 
SIMPLE, 2, 5_3_1, 0, 360390933, , , , , , , , , , , 0, 
SIMPLE, 2, 5_3_1, 0, 361232997, , , , , , , , , , , 0, 
SIMPLE, 2, 5_3_3, 0, 390420130, , , , , , , , , , , 0, 
SIMPLE, 2, 5_3_3, 0, 390756533, , , , , , , , , , , 0, 
SIMPLE, 2, 5_3_3, 0, 391506171, , , , , , , , , , , 0, 
SIMPLE, 2, 5_3_5, 0, 397710797, , , , , , , , , , , 0, 
SIMPLE, 2, 5_3_5, 0, 401538449, , , , , , , , , , , 0, 
SIMPLE, 2, 5_3_5, 0, 402085396, , , , , , , , , , , 0, 
SIMPLE, 2, 5_3_10, 0, 388064532, , , , , , , , , , , 0, 
SIMPLE, 2, 5_3_10, 0, 385501680, , , , , , , , , , , 0, 
SIMPLE, 2, 5_3_10, 0, 385793439, , , , , , , , , , , 0, 
SIMPLE, 2, 5_3_25, 0, 389830398, , , , , , , , , , , 0, 
SIMPLE, 2, 5_3_25, 0, 393531106, , , , , , , , , , , 0, 
SIMPLE, 2, 5_3_25, 0, 393417020, , , , , , , , , , , 0, 
SIMPLE, 2, 5_3_50, 0, 390539555, , , , , , , , , , , 0, 
SIMPLE, 2, 5_3_50, 0, 388556811, , , , , , , , , , , 0, 
SIMPLE, 2, 5_3_50, 0, 388460430, , , , , , , , , , , 0, 
SIMPLE, 2, 5_3_100, 0, 388720212, , , , , , , , , , , 0, 
SIMPLE, 2, 5_3_100, 0, 386055127, , , , , , , , , , , 0, 
SIMPLE, 2, 5_3_100, 0, 386040723, , , , , , , , , , , 0, 
SIMPLE, 2, 5_5_1, 0, 395278028, , , , , , , , , , , 0, 
SIMPLE, 2, 5_5_1, 0, 396202373, , , , , , , , , , , 0, 
SIMPLE, 2, 5_5_1, 0, 395567580, , , , , , , , , , , 0, 
SIMPLE, 2, 5_5_3, 0, 399245860, , , , , , , , , , , 0, 
SIMPLE, 2, 5_5_3, 0, 403460019, , , , , , , , , , , 0, 
SIMPLE, 2, 5_5_3, 0, 403449118, , , , , , , , , , , 0, 
SIMPLE, 2, 5_5_5, 0, 390409610, , , , , , , , , , , 0, 
SIMPLE, 2, 5_5_5, 0, 394682463, , , , , , , , , , , 0, 
SIMPLE, 2, 5_5_5, 0, 394460227, , , , , , , , , , , 0, 
SIMPLE, 2, 5_5_10, 0, 397760847, , , , , , , , , , , 0, 
SIMPLE, 2, 5_5_10, 0, 401685912, , , , , , , , , , , 0, 
SIMPLE, 2, 5_5_10, 0, 403118734, , , , , , , , , , , 0, 
SIMPLE, 2, 5_5_25, 0, 393214751, , , , , , , , , , , 0, 
SIMPLE, 2, 5_5_25, 0, 396627651, , , , , , , , , , , 0, 
SIMPLE, 2, 5_5_25, 0, 396239619, , , , , , , , , , , 0, 
SIMPLE, 2, 5_5_50, 0, 393555094, , , , , , , , , , , 0, 
SIMPLE, 2, 5_5_50, 0, 397657410, , , , , , , , , , , 0, 
SIMPLE, 2, 5_5_50, 0, 397511789, , , , , , , , , , , 0, 
SIMPLE, 2, 5_5_100, 0, 393356920, , , , , , , , , , , 0, 
SIMPLE, 2, 5_5_100, 0, 391089297, , , , , , , , , , , 0, 
SIMPLE, 2, 5_5_100, 0, 390925387, , , , , , , , , , , 0, 
SIMPLE, 2, 5_10_1, 0, 394734045, , , , , , , , , , , 0, 
SIMPLE, 2, 5_10_1, 0, 390556483, , , , , , , , , , , 0, 
SIMPLE, 2, 5_10_1, 0, 390058380, , , , , , , , , , , 0, 
SIMPLE, 2, 5_10_3, 0, 393562719, , , , , , , , , , , 0, 
SIMPLE, 2, 5_10_3, 0, 396959029, , , , , , , , , , , 0, 
SIMPLE, 2, 5_10_3, 0, 397309274, , , , , , , , , , , 0, 
SIMPLE, 2, 5_10_5, 0, 400972003, , , , , , , , , , , 0, 
SIMPLE, 2, 5_10_5, 0, 405924568, , , , , , , , , , , 0, 
SIMPLE, 2, 5_10_5, 0, 404327410, , , , , , , , , , , 0, 
SIMPLE, 2, 5_10_10, 0, 391346577, , , , , , , , , , , 0, 
SIMPLE, 2, 5_10_10, 0, 398025115, , , , , , , , , , , 0, 
SIMPLE, 2, 5_10_10, 0, 395495265, , , , , , , , , , , 0, 
SIMPLE, 2, 5_10_25, 0, 393329634, , , , , , , , , , , 0, 
SIMPLE, 2, 5_10_25, 0, 392136854, , , , , , , , , , , 0, 
SIMPLE, 2, 5_10_25, 0, 392122444, , , , , , , , , , , 0, 
SIMPLE, 2, 5_10_50, 0, 400924453, , , , , , , , , , , 0, 
SIMPLE, 2, 5_10_50, 0, 404918753, , , , , , , , , , , 0, 
SIMPLE, 2, 5_10_50, 0, 405113537, , , , , , , , , , , 0, 
SIMPLE, 2, 5_10_100, 0, 397449089, , , , , , , , , , , 0, 
SIMPLE, 2, 5_10_100, 0, 401438397, , , , , , , , , , , 0, 
SIMPLE, 2, 5_10_100, 0, 401245337, , , , , , , , , , , 0, 
SIMPLE, 2, 5_25_1, 0, 384863631, , , , , , , , , , , 0, 
SIMPLE, 2, 5_25_1, 0, 383867605, , , , , , , , , , , 0, 
SIMPLE, 2, 5_25_1, 0, 384379379, , , , , , , , , , , 0, 
SIMPLE, 2, 5_25_3, 0, 390902006, , , , , , , , , , , 0, 
SIMPLE, 2, 5_25_3, 0, 388775761, , , , , , , , , , , 0, 
SIMPLE, 2, 5_25_3, 0, 389093936, , , , , , , , , , , 0, 
SIMPLE, 2, 5_25_5, 0, 395946608, , , , , , , , , , , 0, 
SIMPLE, 2, 5_25_5, 0, 395424609, , , , , , , , , , , 0, 
SIMPLE, 2, 5_25_5, 0, 397265162, , , , , , , , , , , 0, 
SIMPLE, 2, 5_25_10, 0, 402874035, , , , , , , , , , , 0, 
SIMPLE, 2, 5_25_10, 0, 406440480, , , , , , , , , , , 0, 
SIMPLE, 2, 5_25_10, 0, 406573930, , , , , , , , , , , 0, 
SIMPLE, 2, 5_25_25, 0, 407437109, , , , , , , , , , , 0, 
SIMPLE, 2, 5_25_25, 0, 408885196, , , , , , , , , , , 0, 
SIMPLE, 2, 5_25_25, 0, 408334598, , , , , , , , , , , 0, 
SIMPLE, 2, 5_25_50, 0, 408273324, , , , , , , , , , , 0, 
SIMPLE, 2, 5_25_50, 0, 409052642, , , , , , , , , , , 0, 
SIMPLE, 2, 5_25_50, 0, 408984910, , , , , , , , , , , 0, 
SIMPLE, 2, 5_25_100, 0, 405262769, , , , , , , , , , , 0, 
SIMPLE, 2, 5_25_100, 0, 402319243, , , , , , , , , , , 0, 
SIMPLE, 2, 5_25_100, 0, 403008892, , , , , , , , , , , 0, 
SIMPLE, 2, 5_50_1, 0, 384146322, , , , , , , , , , , 0, 
SIMPLE, 2, 5_50_1, 0, 383099347, , , , , , , , , , , 0, 
SIMPLE, 2, 5_50_1, 0, 382683828, , , , , , , , , , , 0, 
SIMPLE, 2, 5_50_3, 0, 399995870, , , , , , , , , , , 0, 
SIMPLE, 2, 5_50_3, 0, 396707467, , , , , , , , , , , 0, 
SIMPLE, 2, 5_50_3, 0, 396258261, , , , , , , , , , , 0, 
SIMPLE, 2, 5_50_5, 0, 421539190, , , , , , , , , , , 0, 
SIMPLE, 2, 5_50_5, 0, 414253776, , , , , , , , , , , 0, 
SIMPLE, 2, 5_50_5, 0, 414088192, , , , , , , , , , , 0, 
SIMPLE, 2, 5_50_10, 0, 438478061, , , , , , , , , , , 0, 
SIMPLE, 2, 5_50_10, 0, 434721391, , , , , , , , , , , 0, 
SIMPLE, 2, 5_50_10, 0, 434515331, , , , , , , , , , , 0, 
SIMPLE, 2, 5_50_25, 0, 460293269, , , , , , , , , , , 0, 
SIMPLE, 2, 5_50_25, 0, 456878820, , , , , , , , , , , 0, 
SIMPLE, 2, 5_50_25, 0, 456555614, , , , , , , , , , , 0, 
SIMPLE, 2, 5_50_50, 0, 480487233, , , , , , , , , , , 0, 
SIMPLE, 2, 5_50_50, 0, 477614434, , , , , , , , , , , 0, 
SIMPLE, 2, 5_50_50, 0, 475244893, , , , , , , , , , , 0, 
SIMPLE, 2, 5_50_100, 0, 469283018, , , , , , , , , , , 0, 
SIMPLE, 2, 5_50_100, 0, 473818789, , , , , , , , , , , 0, 
SIMPLE, 2, 5_50_100, 0, 470731571, , , , , , , , , , , 0, 
SIMPLE, 2, 5_100_100, 0, 701583907, , , , , , , , , , , 0, 
SIMPLE, 2, 5_100_100, 0, 698987522, , , , , , , , , , , 0, 
SIMPLE, 2, 5_100_100, 0, 697748358, , , , , , , , , , , 0, 
SIMPLE, 4, 5_0_0, 0, 1278219567, , , , , , , , , , , 0, 
SIMPLE, 4, 5_0_0, 0, 1230476650, , , , , , , , , , , 0, 
SIMPLE, 4, 5_0_0, 0, 1228886323, , , , , , , , , , , 0, 
SIMPLE, 4, 5_1_1, 0, 1721457562, , , , , , , , , , , 0, 
SIMPLE, 4, 5_1_1, 0, 1694650742, , , , , , , , , , , 0, 
SIMPLE, 4, 5_1_1, 0, 1696202483, , , , , , , , , , , 0, 
SIMPLE, 4, 5_1_3, 0, 1446449818, , , , , , , , , , , 0, 
SIMPLE, 4, 5_1_3, 0, 1479054860, , , , , , , , , , , 0, 
SIMPLE, 4, 5_1_3, 0, 1479754652, , , , , , , , , , , 0, 
SIMPLE, 4, 5_1_5, 0, 1550460443, , , , , , , , , , , 0, 
SIMPLE, 4, 5_1_5, 0, 1521773129, , , , , , , , , , , 0, 
SIMPLE, 4, 5_1_5, 0, 1520757611, , , , , , , , , , , 0, 
SIMPLE, 4, 5_1_10, 0, 1535843093, , , , , , , , , , , 0, 
SIMPLE, 4, 5_1_10, 0, 1559235951, , , , , , , , , , , 0, 
SIMPLE, 4, 5_1_10, 0, 1560265854, , , , , , , , , , , 0, 
SIMPLE, 4, 5_1_25, 0, 1805128690, , , , , , , , , , , 0, 
SIMPLE, 4, 5_1_25, 0, 1712644629, , , , , , , , , , , 0, 
SIMPLE, 4, 5_1_25, 0, 1711775732, , , , , , , , , , , 0, 
SIMPLE, 4, 5_1_50, 0, 1524711036, , , , , , , , , , , 0, 
SIMPLE, 4, 5_1_50, 0, 1514524513, , , , , , , , , , , 0, 
SIMPLE, 4, 5_1_50, 0, 1515881665, , , , , , , , , , , 0, 
SIMPLE, 4, 5_1_100, 0, 1644153602, , , , , , , , , , , 0, 
SIMPLE, 4, 5_1_100, 0, 1633664309, , , , , , , , , , , 0, 
SIMPLE, 4, 5_1_100, 0, 1639138487, , , , , , , , , , , 0, 
SIMPLE, 4, 5_3_1, 0, 1589200984, , , , , , , , , , , 0, 
SIMPLE, 4, 5_3_1, 0, 1586402903, , , , , , , , , , , 0, 
SIMPLE, 4, 5_3_1, 0, 1585137369, , , , , , , , , , , 0, 
SIMPLE, 4, 5_3_3, 0, 1656111303, , , , , , , , , , , 0, 
SIMPLE, 4, 5_3_3, 0, 1686845850, , , , , , , , , , , 0, 
SIMPLE, 4, 5_3_3, 0, 1682846252, , , , , , , , , , , 0, 
SIMPLE, 4, 5_3_5, 0, 1533994316, , , , , , , , , , , 0, 
SIMPLE, 4, 5_3_5, 0, 1510649550, , , , , , , , , , , 0, 
SIMPLE, 4, 5_3_5, 0, 1509048318, , , , , , , , , , , 0, 
SIMPLE, 4, 5_3_10, 0, 1697191711, , , , , , , , , , , 0, 
SIMPLE, 4, 5_3_10, 0, 1645760885, , , , , , , , , , , 0, 
SIMPLE, 4, 5_3_10, 0, 1646311443, , , , , , , , , , , 0, 
SIMPLE, 4, 5_3_25, 0, 1693706046, , , , , , , , , , , 0, 
SIMPLE, 4, 5_3_25, 0, 1678811187, , , , , , , , , , , 0, 
SIMPLE, 4, 5_3_25, 0, 1677373140, , , , , , , , , , , 0, 
SIMPLE, 4, 5_3_50, 0, 1666045616, , , , , , , , , , , 0, 
SIMPLE, 4, 5_3_50, 0, 1610973515, , , , , , , , , , , 0, 
SIMPLE, 4, 5_3_50, 0, 1612000300, , , , , , , , , , , 0, 
SIMPLE, 4, 5_3_100, 0, 1504820193, , , , , , , , , , , 0, 
SIMPLE, 4, 5_3_100, 0, 1542058343, , , , , , , , , , , 0, 
SIMPLE, 4, 5_3_100, 0, 1542288807, , , , , , , , , , , 0, 
SIMPLE, 4, 5_5_1, 0, 1692438411, , , , , , , , , , , 0, 
SIMPLE, 4, 5_5_1, 0, 1698230615, , , , , , , , , , , 0, 
SIMPLE, 4, 5_5_1, 0, 1698105465, , , , , , , , , , , 0, 
SIMPLE, 4, 5_5_3, 0, 1526681329, , , , , , , , , , , 0, 
SIMPLE, 4, 5_5_3, 0, 1527137563, , , , , , , , , , , 0, 
SIMPLE, 4, 5_5_3, 0, 1528145296, , , , , , , , , , , 0, 
SIMPLE, 4, 5_5_5, 0, 1632691240, , , , , , , , , , , 0, 
SIMPLE, 4, 5_5_5, 0, 1597592474, , , , , , , , , , , 0, 
SIMPLE, 4, 5_5_5, 0, 1597672336, , , , , , , , , , , 0, 
SIMPLE, 4, 5_5_10, 0, 1637530287, , , , , , , , , , , 0, 
SIMPLE, 4, 5_5_10, 0, 1667215526, , , , , , , , , , , 0, 
SIMPLE, 4, 5_5_10, 0, 1667111487, , , , , , , , , , , 0, 
SIMPLE, 4, 5_5_25, 0, 1520794210, , , , , , , , , , , 0, 
SIMPLE, 4, 5_5_25, 0, 1458821516, , , , , , , , , , , 0, 
SIMPLE, 4, 5_5_25, 0, 1455956791, , , , , , , , , , , 0, 
SIMPLE, 4, 5_5_50, 0, 1680316220, , , , , , , , , , , 0, 
SIMPLE, 4, 5_5_50, 0, 1629681953, , , , , , , , , , , 0, 
SIMPLE, 4, 5_5_50, 0, 1630011971, , , , , , , , , , , 0, 
SIMPLE, 4, 5_5_100, 0, 1468212195, , , , , , , , , , , 0, 
SIMPLE, 4, 5_5_100, 0, 1490693733, , , , , , , , , , , 0, 
SIMPLE, 4, 5_5_100, 0, 1491051948, , , , , , , , , , , 0, 
SIMPLE, 4, 5_10_1, 0, 1474862581, , , , , , , , , , , 0, 
SIMPLE, 4, 5_10_1, 0, 1489399081, , , , , , , , , , , 0, 
SIMPLE, 4, 5_10_1, 0, 1489129109, , , , , , , , , , , 0, 
SIMPLE, 4, 5_10_3, 0, 1630695407, , , , , , , , , , , 0, 
SIMPLE, 4, 5_10_3, 0, 1635552401, , , , , , , , , , , 0, 
SIMPLE, 4, 5_10_3, 0, 1636237547, , , , , , , , , , , 0, 
SIMPLE, 4, 5_10_5, 0, 1650807501, , , , , , , , , , , 0, 
SIMPLE, 4, 5_10_5, 0, 1614475481, , , , , , , , , , , 0, 
SIMPLE, 4, 5_10_5, 0, 1615389629, , , , , , , , , , , 0, 
SIMPLE, 4, 5_10_10, 0, 1588978795, , , , , , , , , , , 0, 
SIMPLE, 4, 5_10_10, 0, 1646535678, , , , , , , , , , , 0, 
SIMPLE, 4, 5_10_10, 0, 1646012688, , , , , , , , , , , 0, 
SIMPLE, 4, 5_10_25, 0, 1461713528, , , , , , , , , , , 0, 
SIMPLE, 4, 5_10_25, 0, 1436062770, , , , , , , , , , , 0, 
SIMPLE, 4, 5_10_25, 0, 1436364048, , , , , , , , , , , 0, 
SIMPLE, 4, 5_10_50, 0, 1622135571, , , , , , , , , , , 0, 
SIMPLE, 4, 5_10_50, 0, 1664445044, , , , , , , , , , , 0, 
SIMPLE, 4, 5_10_50, 0, 1664373551, , , , , , , , , , , 0, 
SIMPLE, 4, 5_10_100, 0, 1457882810, , , , , , , , , , , 0, 
SIMPLE, 4, 5_10_100, 0, 1446846664, , , , , , , , , , , 0, 
SIMPLE, 4, 5_10_100, 0, 1444373473, , , , , , , , , , , 0, 
SIMPLE, 4, 5_25_1, 0, 1490358208, , , , , , , , , , , 0, 
SIMPLE, 4, 5_25_1, 0, 1495766660, , , , , , , , , , , 0, 
SIMPLE, 4, 5_25_1, 0, 1496854493, , , , , , , , , , , 0, 
SIMPLE, 4, 5_25_3, 0, 1540560331, , , , , , , , , , , 0, 
SIMPLE, 4, 5_25_3, 0, 1501503019, , , , , , , , , , , 0, 
SIMPLE, 4, 5_25_3, 0, 1501338586, , , , , , , , , , , 0, 
SIMPLE, 4, 5_25_5, 0, 1302200784, , , , , , , , , , , 0, 
SIMPLE, 4, 5_25_5, 0, 1320100835, , , , , , , , , , , 0, 
SIMPLE, 4, 5_25_5, 0, 1321016500, , , , , , , , , , , 0, 
SIMPLE, 4, 5_25_10, 0, 1313170404, , , , , , , , , , , 0, 
SIMPLE, 4, 5_25_10, 0, 1314803699, , , , , , , , , , , 0, 
SIMPLE, 4, 5_25_10, 0, 1313483208, , , , , , , , , , , 0, 
SIMPLE, 4, 5_25_25, 0, 1494513586, , , , , , , , , , , 0, 
SIMPLE, 4, 5_25_25, 0, 1487050298, , , , , , , , , , , 0, 
SIMPLE, 4, 5_25_25, 0, 1486961571, , , , , , , , , , , 0, 
SIMPLE, 4, 5_25_50, 0, 1313937634, , , , , , , , , , , 0, 
SIMPLE, 4, 5_25_50, 0, 1263383117, , , , , , , , , , , 0, 
SIMPLE, 4, 5_25_50, 0, 1264223110, , , , , , , , , , , 0, 
SIMPLE, 4, 5_25_100, 0, 1291050291, , , , , , , , , , , 0, 
SIMPLE, 4, 5_25_100, 0, 1301283658, , , , , , , , , , , 0, 
SIMPLE, 4, 5_25_100, 0, 1301125135, , , , , , , , , , , 0, 
SIMPLE, 4, 5_50_1, 0, 1356373922, , , , , , , , , , , 0, 
SIMPLE, 4, 5_50_1, 0, 1343941360, , , , , , , , , , , 0, 
SIMPLE, 4, 5_50_1, 0, 1343439337, , , , , , , , , , , 0, 
SIMPLE, 4, 5_50_3, 0, 1315529959, , , , , , , , , , , 0, 
SIMPLE, 4, 5_50_3, 0, 1255297512, , , , , , , , , , , 0, 
SIMPLE, 4, 5_50_3, 0, 1253437472, , , , , , , , , , , 0, 
SIMPLE, 4, 5_50_5, 0, 1398730001, , , , , , , , , , , 0, 
SIMPLE, 4, 5_50_5, 0, 1383692761, , , , , , , , , , , 0, 
SIMPLE, 4, 5_50_5, 0, 1382826592, , , , , , , , , , , 0, 
SIMPLE, 4, 5_50_10, 0, 1095057246, , , , , , , , , , , 0, 
SIMPLE, 4, 5_50_10, 0, 1078154201, , , , , , , , , , , 0, 
SIMPLE, 4, 5_50_10, 0, 1077547865, , , , , , , , , , , 0, 
SIMPLE, 4, 5_50_25, 0, 1281381441, , , , , , , , , , , 0, 
SIMPLE, 4, 5_50_25, 0, 1280975770, , , , , , , , , , , 0, 
SIMPLE, 4, 5_50_25, 0, 1280432057, , , , , , , , , , , 0, 
SIMPLE, 4, 5_50_50, 0, 1031105292, , , , , , , , , , , 0, 
SIMPLE, 4, 5_50_50, 0, 1011873080, , , , , , , , , , , 0, 
SIMPLE, 4, 5_50_50, 0, 1012894956, , , , , , , , , , , 0, 
SIMPLE, 4, 5_50_100, 0, 1146574541, , , , , , , , , , , 0, 
SIMPLE, 4, 5_50_100, 0, 1161638999, , , , , , , , , , , 0, 
SIMPLE, 4, 5_50_100, 0, 1161841822, , , , , , , , , , , 0, 
SIMPLE, 4, 5_100_100, 0, 952016438, , , , , , , , , , , 0, 
SIMPLE, 4, 5_100_100, 0, 924739984, , , , , , , , , , , 0, 
SIMPLE, 4, 5_100_100, 0, 925498935, , , , , , , , , , , 0, 
SIMPLE, 8, 5_0_0, 0, 1698254229, , , , , , , , , , , 0, 
SIMPLE, 8, 5_0_0, 0, 1639590628, , , , , , , , , , , 0, 
SIMPLE, 8, 5_0_0, 0, 1642160832, , , , , , , , , , , 0, 
SIMPLE, 8, 5_1_1, 0, 2167575925, , , , , , , , , , , 0, 
SIMPLE, 8, 5_1_1, 0, 2305702269, , , , , , , , , , , 0, 
SIMPLE, 8, 5_1_1, 0, 2305129382, , , , , , , , , , , 0, 
SIMPLE, 8, 5_1_3, 0, 2021539683, , , , , , , , , , , 0, 
SIMPLE, 8, 5_1_3, 0, 2038621560, , , , , , , , , , , 0, 
SIMPLE, 8, 5_1_3, 0, 2036724270, , , , , , , , , , , 0, 
SIMPLE, 8, 5_1_5, 0, 2175173785, , , , , , , , , , , 0, 
SIMPLE, 8, 5_1_5, 0, 2114063919, , , , , , , , , , , 0, 
SIMPLE, 8, 5_1_5, 0, 2117126800, , , , , , , , , , , 0, 
SIMPLE, 8, 5_1_10, 0, 2159069141, , , , , , , , , , , 0, 
SIMPLE, 8, 5_1_10, 0, 2173659481, , , , , , , , , , , 0, 
SIMPLE, 8, 5_1_10, 0, 2181929349, , , , , , , , , , , 0, 
SIMPLE, 8, 5_1_25, 0, 2099007873, , , , , , , , , , , 0, 
SIMPLE, 8, 5_1_25, 0, 2108692429, , , , , , , , , , , 0, 
SIMPLE, 8, 5_1_25, 0, 2104635039, , , , , , , , , , , 0, 
SIMPLE, 8, 5_1_50, 0, 2232398111, , , , , , , , , , , 0, 
SIMPLE, 8, 5_1_50, 0, 2149381006, , , , , , , , , , , 0, 
SIMPLE, 8, 5_1_50, 0, 2149013087, , , , , , , , , , , 0, 
SIMPLE, 8, 5_1_100, 0, 2265565855, , , , , , , , , , , 0, 
SIMPLE, 8, 5_1_100, 0, 2181156016, , , , , , , , , , , 0, 
SIMPLE, 8, 5_1_100, 0, 2176299037, , , , , , , , , , , 0, 
SIMPLE, 8, 5_3_1, 0, 2043632003, , , , , , , , , , , 0, 
SIMPLE, 8, 5_3_1, 0, 2007520272, , , , , , , , , , , 0, 
SIMPLE, 8, 5_3_1, 0, 2006712292, , , , , , , , , , , 0, 
SIMPLE, 8, 5_3_3, 0, 2191959930, , , , , , , , , , , 0, 
SIMPLE, 8, 5_3_3, 0, 2133948486, , , , , , , , , , , 0, 
SIMPLE, 8, 5_3_3, 0, 2124322809, , , , , , , , , , , 0, 
SIMPLE, 8, 5_3_5, 0, 2268182920, , , , , , , , , , , 0, 
SIMPLE, 8, 5_3_5, 0, 2102631888, , , , , , , , , , , 0, 
SIMPLE, 8, 5_3_5, 0, 2105881076, , , , , , , , , , , 0, 
SIMPLE, 8, 5_3_10, 0, 2186077824, , , , , , , , , , , 0, 
SIMPLE, 8, 5_3_10, 0, 2239769705, , , , , , , , , , , 0, 
SIMPLE, 8, 5_3_10, 0, 2244448709, , , , , , , , , , , 0, 
SIMPLE, 8, 5_3_25, 0, 2206161047, , , , , , , , , , , 0, 
SIMPLE, 8, 5_3_25, 0, 2172436746, , , , , , , , , , , 0, 
SIMPLE, 8, 5_3_25, 0, 2178409779, , , , , , , , , , , 0, 
SIMPLE, 8, 5_3_50, 0, 2179859968, , , , , , , , , , , 0, 
SIMPLE, 8, 5_3_50, 0, 2224341023, , , , , , , , , , , 0, 
SIMPLE, 8, 5_3_50, 0, 2227574185, , , , , , , , , , , 0, 
SIMPLE, 8, 5_3_100, 0, 2218313623, , , , , , , , , , , 0, 
SIMPLE, 8, 5_3_100, 0, 2187649243, , , , , , , , , , , 0, 
SIMPLE, 8, 5_3_100, 0, 2178754357, , , , , , , , , , , 0, 
SIMPLE, 8, 5_5_1, 0, 2145506184, , , , , , , , , , , 0, 
SIMPLE, 8, 5_5_1, 0, 2083792181, , , , , , , , , , , 0, 
SIMPLE, 8, 5_5_1, 0, 2080111203, , , , , , , , , , , 0, 
SIMPLE, 8, 5_5_3, 0, 2229448697, , , , , , , , , , , 0, 
SIMPLE, 8, 5_5_3, 0, 2313098873, , , , , , , , , , , 0, 
SIMPLE, 8, 5_5_3, 0, 2310051145, , , , , , , , , , , 0, 
SIMPLE, 8, 5_5_5, 0, 2164970451, , , , , , , , , , , 0, 
SIMPLE, 8, 5_5_5, 0, 2138699235, , , , , , , , , , , 0, 
SIMPLE, 8, 5_5_5, 0, 2137228039, , , , , , , , , , , 0, 
SIMPLE, 8, 5_5_10, 0, 2191780618, , , , , , , , , , , 0, 
SIMPLE, 8, 5_5_10, 0, 2206123889, , , , , , , , , , , 0, 
SIMPLE, 8, 5_5_10, 0, 2211150373, , , , , , , , , , , 0, 
SIMPLE, 8, 5_5_25, 0, 2190470925, , , , , , , , , , , 0, 
SIMPLE, 8, 5_5_25, 0, 2140665954, , , , , , , , , , , 0, 
SIMPLE, 8, 5_5_25, 0, 2133600891, , , , , , , , , , , 0, 
SIMPLE, 8, 5_5_50, 0, 2159666468, , , , , , , , , , , 0, 
SIMPLE, 8, 5_5_50, 0, 2148726526, , , , , , , , , , , 0, 
SIMPLE, 8, 5_5_50, 0, 2150014245, , , , , , , , , , , 0, 
SIMPLE, 8, 5_5_100, 0, 2189929485, , , , , , , , , , , 0, 
SIMPLE, 8, 5_5_100, 0, 2192314765, , , , , , , , , , , 0, 
SIMPLE, 8, 5_5_100, 0, 2190621524, , , , , , , , , , , 0, 
SIMPLE, 8, 5_10_1, 0, 2068878217, , , , , , , , , , , 0, 
SIMPLE, 8, 5_10_1, 0, 2049090381, , , , , , , , , , , 0, 
SIMPLE, 8, 5_10_1, 0, 2046313659, , , , , , , , , , , 0, 
SIMPLE, 8, 5_10_3, 0, 2103324715, , , , , , , , , , , 0, 
SIMPLE, 8, 5_10_3, 0, 2068165391, , , , , , , , , , , 0, 
SIMPLE, 8, 5_10_3, 0, 2062085856, , , , , , , , , , , 0, 
SIMPLE, 8, 5_10_5, 0, 2079435825, , , , , , , , , , , 0, 
SIMPLE, 8, 5_10_5, 0, 2009667376, , , , , , , , , , , 0, 
SIMPLE, 8, 5_10_5, 0, 2005165562, , , , , , , , , , , 0, 
SIMPLE, 8, 5_10_10, 0, 2096403794, , , , , , , , , , , 0, 
SIMPLE, 8, 5_10_10, 0, 2117544039, , , , , , , , , , , 0, 
SIMPLE, 8, 5_10_10, 0, 2121236374, , , , , , , , , , , 0, 
SIMPLE, 8, 5_10_25, 0, 2000601808, , , , , , , , , , , 0, 
SIMPLE, 8, 5_10_25, 0, 2055845349, , , , , , , , , , , 0, 
SIMPLE, 8, 5_10_25, 0, 2009447421, , , , , , , , , , , 0, 
SIMPLE, 8, 5_10_50, 0, 2174764358, , , , , , , , , , , 0, 
SIMPLE, 8, 5_10_50, 0, 2154507057, , , , , , , , , , , 0, 
SIMPLE, 8, 5_10_50, 0, 2151778290, , , , , , , , , , , 0, 
SIMPLE, 8, 5_10_100, 0, 2123550448, , , , , , , , , , , 0, 
SIMPLE, 8, 5_10_100, 0, 2219568426, , , , , , , , , , , 0, 
SIMPLE, 8, 5_10_100, 0, 2228650602, , , , , , , , , , , 0, 
SIMPLE, 8, 5_25_1, 0, 2004748791, , , , , , , , , , , 0, 
SIMPLE, 8, 5_25_1, 0, 2078558693, , , , , , , , , , , 0, 
SIMPLE, 8, 5_25_1, 0, 2083549386, , , , , , , , , , , 0, 
SIMPLE, 8, 5_25_3, 0, 2010287242, , , , , , , , , , , 0, 
SIMPLE, 8, 5_25_3, 0, 1996692693, , , , , , , , , , , 0, 
SIMPLE, 8, 5_25_3, 0, 1998611538, , , , , , , , , , , 0, 
SIMPLE, 8, 5_25_5, 0, 2032314477, , , , , , , , , , , 0, 
SIMPLE, 8, 5_25_5, 0, 2013128079, , , , , , , , , , , 0, 
SIMPLE, 8, 5_25_5, 0, 2017611811, , , , , , , , , , , 0, 
SIMPLE, 8, 5_25_10, 0, 1926772153, , , , , , , , , , , 0, 
SIMPLE, 8, 5_25_10, 0, 1866519868, , , , , , , , , , , 0, 
SIMPLE, 8, 5_25_10, 0, 1866904478, , , , , , , , , , , 0, 
SIMPLE, 8, 5_25_25, 0, 1975398540, , , , , , , , , , , 0, 
SIMPLE, 8, 5_25_25, 0, 1971356115, , , , , , , , , , , 0, 
SIMPLE, 8, 5_25_25, 0, 1969778093, , , , , , , , , , , 0, 
SIMPLE, 8, 5_25_50, 0, 1861245824, , , , , , , , , , , 0, 
SIMPLE, 8, 5_25_50, 0, 1815242651, , , , , , , , , , , 0, 
SIMPLE, 8, 5_25_50, 0, 1820705489, , , , , , , , , , , 0, 
SIMPLE, 8, 5_25_100, 0, 1892340021, , , , , , , , , , , 0, 
SIMPLE, 8, 5_25_100, 0, 1861829633, , , , , , , , , , , 0, 
SIMPLE, 8, 5_25_100, 0, 1864176600, , , , , , , , , , , 0, 
SIMPLE, 8, 5_50_1, 0, 1890181609, , , , , , , , , , , 0, 
SIMPLE, 8, 5_50_1, 0, 1831008783, , , , , , , , , , , 0, 
SIMPLE, 8, 5_50_1, 0, 1823325672, , , , , , , , , , , 0, 
SIMPLE, 8, 5_50_3, 0, 1638977616, , , , , , , , , , , 0, 
SIMPLE, 8, 5_50_3, 0, 1649853406, , , , , , , , , , , 0, 
SIMPLE, 8, 5_50_3, 0, 1654694712, , , , , , , , , , , 0, 
SIMPLE, 8, 5_50_5, 0, 1763136744, , , , , , , , , , , 0, 
SIMPLE, 8, 5_50_5, 0, 1911696041, , , , , , , , , , , 0, 
SIMPLE, 8, 5_50_5, 0, 1911777930, , , , , , , , , , , 0, 
SIMPLE, 8, 5_50_10, 0, 1607482762, , , , , , , , , , , 0, 
SIMPLE, 8, 5_50_10, 0, 1648375682, , , , , , , , , , , 0, 
SIMPLE, 8, 5_50_10, 0, 1649379208, , , , , , , , , , , 0, 
SIMPLE, 8, 5_50_25, 0, 1824616670, , , , , , , , , , , 0, 
SIMPLE, 8, 5_50_25, 0, 1849092939, , , , , , , , , , , 0, 
SIMPLE, 8, 5_50_25, 0, 1846892319, , , , , , , , , , , 0, 
SIMPLE, 8, 5_50_50, 0, 1756526440, , , , , , , , , , , 0, 
SIMPLE, 8, 5_50_50, 0, 1763011900, , , , , , , , , , , 0, 
SIMPLE, 8, 5_50_50, 0, 1773326332, , , , , , , , , , , 0, 
SIMPLE, 8, 5_50_100, 0, 1768139143, , , , , , , , , , , 0, 
SIMPLE, 8, 5_50_100, 0, 1649183294, , , , , , , , , , , 0, 
SIMPLE, 8, 5_50_100, 0, 1648094814, , , , , , , , , , , 0, 
SIMPLE, 8, 5_100_100, 0, 1502020392, , , , , , , , , , , 0, 
SIMPLE, 8, 5_100_100, 0, 1567478434, , , , , , , , , , , 0, 
SIMPLE, 8, 5_100_100, 0, 1564609552, , , , , , , , , , , 0, 
SIMPLE, 16, 5_0_0, 0, 2184908869, , , , , , , , , , , 0, 
SIMPLE, 16, 5_0_0, 0, 2280600437, , , , , , , , , , , 0, 
SIMPLE, 16, 5_0_0, 0, 2275242377, , , , , , , , , , , 0, 
SIMPLE, 16, 5_1_1, 0, 2875273809, , , , , , , , , , , 0, 
SIMPLE, 16, 5_1_1, 0, 2851506153, , , , , , , , , , , 0, 
SIMPLE, 16, 5_1_1, 0, 2841639934, , , , , , , , , , , 0, 
SIMPLE, 16, 5_1_3, 0, 2495480153, , , , , , , , , , , 0, 
SIMPLE, 16, 5_1_3, 0, 2394279898, , , , , , , , , , , 0, 
SIMPLE, 16, 5_1_3, 0, 2390107344, , , , , , , , , , , 0, 
SIMPLE, 16, 5_1_5, 0, 2626640370, , , , , , , , , , , 0, 
SIMPLE, 16, 5_1_5, 0, 2648744296, , , , , , , , , , , 0, 
SIMPLE, 16, 5_1_5, 0, 2642813300, , , , , , , , , , , 0, 
SIMPLE, 16, 5_1_10, 0, 2621523978, , , , , , , , , , , 0, 
SIMPLE, 16, 5_1_10, 0, 2589439013, , , , , , , , , , , 0, 
SIMPLE, 16, 5_1_10, 0, 2578831745, , , , , , , , , , , 0, 
SIMPLE, 16, 5_1_25, 0, 2739087083, , , , , , , , , , , 0, 
SIMPLE, 16, 5_1_25, 0, 2611957948, , , , , , , , , , , 0, 
SIMPLE, 16, 5_1_25, 0, 2617743694, , , , , , , , , , , 0, 
SIMPLE, 16, 5_1_50, 0, 2660702007, , , , , , , , , , , 0, 
SIMPLE, 16, 5_1_50, 0, 2785686166, , , , , , , , , , , 0, 
SIMPLE, 16, 5_1_50, 0, 2783352344, , , , , , , , , , , 0, 
SIMPLE, 16, 5_1_100, 0, 2616565260, , , , , , , , , , , 0, 
SIMPLE, 16, 5_1_100, 0, 2599520371, , , , , , , , , , , 0, 
SIMPLE, 16, 5_1_100, 0, 2619199738, , , , , , , , , , , 0, 
SIMPLE, 16, 5_3_1, 0, 2546475762, , , , , , , , , , , 0, 
SIMPLE, 16, 5_3_1, 0, 2591914700, , , , , , , , , , , 0, 
SIMPLE, 16, 5_3_1, 0, 2584529311, , , , , , , , , , , 0, 
SIMPLE, 16, 5_3_3, 0, 2609733683, , , , , , , , , , , 0, 
SIMPLE, 16, 5_3_3, 0, 2584510095, , , , , , , , , , , 0, 
SIMPLE, 16, 5_3_3, 0, 2589722014, , , , , , , , , , , 0, 
SIMPLE, 16, 5_3_5, 0, 2645267407, , , , , , , , , , , 0, 
SIMPLE, 16, 5_3_5, 0, 2611948172, , , , , , , , , , , 0, 
SIMPLE, 16, 5_3_5, 0, 2618689638, , , , , , , , , , , 0, 
SIMPLE, 16, 5_3_10, 0, 2687833232, , , , , , , , , , , 0, 
SIMPLE, 16, 5_3_10, 0, 2729298950, , , , , , , , , , , 0, 
SIMPLE, 16, 5_3_10, 0, 2732010138, , , , , , , , , , , 0, 
SIMPLE, 16, 5_3_25, 0, 2633860112, , , , , , , , , , , 0, 
SIMPLE, 16, 5_3_25, 0, 2611521352, , , , , , , , , , , 0, 
SIMPLE, 16, 5_3_25, 0, 2617536776, , , , , , , , , , , 0, 
SIMPLE, 16, 5_3_50, 0, 2642916568, , , , , , , , , , , 0, 
SIMPLE, 16, 5_3_50, 0, 2613832739, , , , , , , , , , , 0, 
SIMPLE, 16, 5_3_50, 0, 2614931629, , , , , , , , , , , 0, 
SIMPLE, 16, 5_3_100, 0, 2671966265, , , , , , , , , , , 0, 
SIMPLE, 16, 5_3_100, 0, 2607496231, , , , , , , , , , , 0, 
SIMPLE, 16, 5_3_100, 0, 2601723478, , , , , , , , , , , 0, 
SIMPLE, 16, 5_5_1, 0, 2787714244, , , , , , , , , , , 0, 
SIMPLE, 16, 5_5_1, 0, 2718957536, , , , , , , , , , , 0, 
SIMPLE, 16, 5_5_1, 0, 2714599700, , , , , , , , , , , 0, 
SIMPLE, 16, 5_5_3, 0, 2637012800, , , , , , , , , , , 0, 
SIMPLE, 16, 5_5_3, 0, 2749618649, , , , , , , , , , , 0, 
SIMPLE, 16, 5_5_3, 0, 2737499728, , , , , , , , , , , 0, 
SIMPLE, 16, 5_5_5, 0, 2626555270, , , , , , , , , , , 0, 
SIMPLE, 16, 5_5_5, 0, 2683923054, , , , , , , , , , , 0, 
SIMPLE, 16, 5_5_5, 0, 2678447320, , , , , , , , , , , 0, 
SIMPLE, 16, 5_5_10, 0, 2670137744, , , , , , , , , , , 0, 
SIMPLE, 16, 5_5_10, 0, 2621924082, , , , , , , , , , , 0, 
SIMPLE, 16, 5_5_10, 0, 2618314256, , , , , , , , , , , 0, 
SIMPLE, 16, 5_5_25, 0, 2737017135, , , , , , , , , , , 0, 
SIMPLE, 16, 5_5_25, 0, 2598852839, , , , , , , , , , , 0, 
SIMPLE, 16, 5_5_25, 0, 2600402364, , , , , , , , , , , 0, 
SIMPLE, 16, 5_5_50, 0, 2636184866, , , , , , , , , , , 0, 
SIMPLE, 16, 5_5_50, 0, 2598841064, , , , , , , , , , , 0, 
SIMPLE, 16, 5_5_50, 0, 2591488064, , , , , , , , , , , 0, 
SIMPLE, 16, 5_5_100, 0, 2612905234, , , , , , , , , , , 0, 
SIMPLE, 16, 5_5_100, 0, 2586794268, , , , , , , , , , , 0, 
SIMPLE, 16, 5_5_100, 0, 2587077813, , , , , , , , , , , 0, 
SIMPLE, 16, 5_10_1, 0, 2698086505, , , , , , , , , , , 0, 
SIMPLE, 16, 5_10_1, 0, 2601134841, , , , , , , , , , , 0, 
SIMPLE, 16, 5_10_1, 0, 2603707061, , , , , , , , , , , 0, 
SIMPLE, 16, 5_10_3, 0, 2572688090, , , , , , , , , , , 0, 
SIMPLE, 16, 5_10_3, 0, 2573028776, , , , , , , , , , , 0, 
SIMPLE, 16, 5_10_3, 0, 2563804181, , , , , , , , , , , 0, 
SIMPLE, 16, 5_10_5, 0, 2597022016, , , , , , , , , , , 0, 
SIMPLE, 16, 5_10_5, 0, 2620057989, , , , , , , , , , , 0, 
SIMPLE, 16, 5_10_5, 0, 2630982513, , , , , , , , , , , 0, 
SIMPLE, 16, 5_10_10, 0, 2679910470, , , , , , , , , , , 0, 
SIMPLE, 16, 5_10_10, 0, 2557710514, , , , , , , , , , , 0, 
SIMPLE, 16, 5_10_10, 0, 2553661014, , , , , , , , , , , 0, 
SIMPLE, 16, 5_10_25, 0, 2537875982, , , , , , , , , , , 0, 
SIMPLE, 16, 5_10_25, 0, 2585710461, , , , , , , , , , , 0, 
SIMPLE, 16, 5_10_25, 0, 2568434176, , , , , , , , , , , 0, 
SIMPLE, 16, 5_10_50, 0, 2601442148, , , , , , , , , , , 0, 
SIMPLE, 16, 5_10_50, 0, 2505798215, , , , , , , , , , , 0, 
SIMPLE, 16, 5_10_50, 0, 2509069689, , , , , , , , , , , 0, 
SIMPLE, 16, 5_10_100, 0, 2588017578, , , , , , , , , , , 0, 
SIMPLE, 16, 5_10_100, 0, 2569130921, , , , , , , , , , , 0, 
SIMPLE, 16, 5_10_100, 0, 2570875799, , , , , , , , , , , 0, 
SIMPLE, 16, 5_25_1, 0, 2482249613, , , , , , , , , , , 0, 
SIMPLE, 16, 5_25_1, 0, 2479914320, , , , , , , , , , , 0, 
SIMPLE, 16, 5_25_1, 0, 2467252912, , , , , , , , , , , 0, 
SIMPLE, 16, 5_25_3, 0, 2448781110, , , , , , , , , , , 0, 
SIMPLE, 16, 5_25_3, 0, 2472638095, , , , , , , , , , , 0, 
SIMPLE, 16, 5_25_3, 0, 2483223872, , , , , , , , , , , 0, 
SIMPLE, 16, 5_25_5, 0, 2387351359, , , , , , , , , , , 0, 
SIMPLE, 16, 5_25_5, 0, 2404679239, , , , , , , , , , , 0, 
SIMPLE, 16, 5_25_5, 0, 2414853405, , , , , , , , , , , 0, 
SIMPLE, 16, 5_25_10, 0, 2435510406, , , , , , , , , , , 0, 
SIMPLE, 16, 5_25_10, 0, 2410531124, , , , , , , , , , , 0, 
SIMPLE, 16, 5_25_10, 0, 2415584758, , , , , , , , , , , 0, 
SIMPLE, 16, 5_25_25, 0, 2374671500, , , , , , , , , , , 0, 
SIMPLE, 16, 5_25_25, 0, 2393632174, , , , , , , , , , , 0, 
SIMPLE, 16, 5_25_25, 0, 2397665693, , , , , , , , , , , 0, 
SIMPLE, 16, 5_25_50, 0, 2402262813, , , , , , , , , , , 0, 
SIMPLE, 16, 5_25_50, 0, 2337494149, , , , , , , , , , , 0, 
SIMPLE, 16, 5_25_50, 0, 2349534037, , , , , , , , , , , 0, 
SIMPLE, 16, 5_25_100, 0, 2368247097, , , , , , , , , , , 0, 
SIMPLE, 16, 5_25_100, 0, 2381223332, , , , , , , , , , , 0, 
SIMPLE, 16, 5_25_100, 0, 2377361462, , , , , , , , , , , 0, 
SIMPLE, 16, 5_50_1, 0, 2348935724, , , , , , , , , , , 0, 
SIMPLE, 16, 5_50_1, 0, 2330416924, , , , , , , , , , , 0, 
SIMPLE, 16, 5_50_1, 0, 2327169545, , , , , , , , , , , 0, 
SIMPLE, 16, 5_50_3, 0, 2118103736, , , , , , , , , , , 0, 
SIMPLE, 16, 5_50_3, 0, 2147188238, , , , , , , , , , , 0, 
SIMPLE, 16, 5_50_3, 0, 2152736455, , , , , , , , , , , 0, 
SIMPLE, 16, 5_50_5, 0, 2143174248, , , , , , , , , , , 0, 
SIMPLE, 16, 5_50_5, 0, 2180796104, , , , , , , , , , , 0, 
SIMPLE, 16, 5_50_5, 0, 2179293143, , , , , , , , , , , 0, 
SIMPLE, 16, 5_50_10, 0, 2243088510, , , , , , , , , , , 0, 
SIMPLE, 16, 5_50_10, 0, 2148071564, , , , , , , , , , , 0, 
SIMPLE, 16, 5_50_10, 0, 2137942387, , , , , , , , , , , 0, 
SIMPLE, 16, 5_50_25, 0, 2123323846, , , , , , , , , , , 0, 
SIMPLE, 16, 5_50_25, 0, 2128010224, , , , , , , , , , , 0, 
SIMPLE, 16, 5_50_25, 0, 2138409057, , , , , , , , , , , 0, 
SIMPLE, 16, 5_50_50, 0, 2224939511, , , , , , , , , , , 0, 
SIMPLE, 16, 5_50_50, 0, 2335122042, , , , , , , , , , , 0, 
SIMPLE, 16, 5_50_50, 0, 2334797926, , , , , , , , , , , 0, 
SIMPLE, 16, 5_50_100, 0, 2326553715, , , , , , , , , , , 0, 
SIMPLE, 16, 5_50_100, 0, 2341814400, , , , , , , , , , , 0, 
SIMPLE, 16, 5_50_100, 0, 2337689448, , , , , , , , , , , 0, 
SIMPLE, 16, 5_100_100, 0, 2047506497, , , , , , , , , , , 0, 
SIMPLE, 16, 5_100_100, 0, 2026627334, , , , , , , , , , , 0, 
SIMPLE, 16, 5_100_100, 0, 2033901379, , , , , , , , , , , 0, 
