SIMPLE, 1, 5_0_0, 0, 336620022, , , , , , , , , , , 0,
SIMPLE, 1, 5_0_0, 0, 335419711, , , , , , , , , , , 0, 
SIMPLE, 1, 5_0_0, 0, 335084456, , , , , , , , , , , 0, 
SIMPLE, 1, 5_1_1, 0, 390348148, , , , , , , , , , , 0, 
SIMPLE, 1, 5_1_1, 0, 399078984, , , , , , , , , , , 0, 
SIMPLE, 1, 5_1_1, 0, 391785669, , , , , , , , , , , 0, 
SIMPLE, 1, 5_1_3, 0, 372723811, , , , , , , , , , , 0, 
SIMPLE, 1, 5_1_3, 0, 371279254, , , , , , , , , , , 0, 
SIMPLE, 1, 5_1_3, 0, 367064086, , , , , , , , , , , 0, 
SIMPLE, 1, 5_1_5, 0, 386405722, , , , , , , , , , , 0, 
SIMPLE, 1, 5_1_5, 0, 387322926, , , , , , , , , , , 0, 
SIMPLE, 1, 5_1_5, 0, 387280152, , , , , , , , , , , 0, 
SIMPLE, 1, 5_1_10, 0, 385522593, , , , , , , , , , , 0, 
SIMPLE, 1, 5_1_10, 0, 386629670, , , , , , , , , , , 0, 
SIMPLE, 1, 5_1_10, 0, 386562307, , , , , , , , , , , 0, 
SIMPLE, 1, 5_1_25, 0, 387047373, , , , , , , , , , , 0, 
SIMPLE, 1, 5_1_25, 0, 386600858, , , , , , , , , , , 0, 
SIMPLE, 1, 5_1_25, 0, 386666947, , , , , , , , , , , 0, 
SIMPLE, 1, 5_1_50, 0, 397697657, , , , , , , , , , , 0, 
SIMPLE, 1, 5_1_50, 0, 392863261, , , , , , , , , , , 0, 
SIMPLE, 1, 5_1_50, 0, 391721408, , , , , , , , , , , 0, 
SIMPLE, 1, 5_1_100, 0, 388514483, , , , , , , , , , , 0, 
SIMPLE, 1, 5_1_100, 0, 386999527, , , , , , , , , , , 0, 
SIMPLE, 1, 5_1_100, 0, 391933982, , , , , , , , , , , 0, 
SIMPLE, 1, 5_3_1, 0, 379636364, , , , , , , , , , , 0, 
SIMPLE, 1, 5_3_1, 0, 379042875, , , , , , , , , , , 0, 
SIMPLE, 1, 5_3_1, 0, 379019665, , , , , , , , , , , 0, 
SIMPLE, 1, 5_3_3, 0, 395261840, , , , , , , , , , , 0, 
SIMPLE, 1, 5_3_3, 0, 398636794, , , , , , , , , , , 0, 
SIMPLE, 1, 5_3_3, 0, 396577831, , , , , , , , , , , 0, 
SIMPLE, 1, 5_3_5, 0, 400380791, , , , , , , , , , , 0, 
SIMPLE, 1, 5_3_5, 0, 400135388, , , , , , , , , , , 0, 
SIMPLE, 1, 5_3_5, 0, 400193111, , , , , , , , , , , 0, 
SIMPLE, 1, 5_3_10, 0, 405340502, , , , , , , , , , , 0, 
SIMPLE, 1, 5_3_10, 0, 404262933, , , , , , , , , , , 0, 
SIMPLE, 1, 5_3_10, 0, 400822239, , , , , , , , , , , 0, 
SIMPLE, 1, 5_3_25, 0, 403196811, , , , , , , , , , , 0, 
SIMPLE, 1, 5_3_25, 0, 402994648, , , , , , , , , , , 0, 
SIMPLE, 1, 5_3_25, 0, 403622415, , , , , , , , , , , 0, 
SIMPLE, 1, 5_3_50, 0, 405151957, , , , , , , , , , , 0, 
SIMPLE, 1, 5_3_50, 0, 403857113, , , , , , , , , , , 0, 
SIMPLE, 1, 5_3_50, 0, 404058949, , , , , , , , , , , 0, 
SIMPLE, 1, 5_3_100, 0, 407061060, , , , , , , , , , , 0, 
SIMPLE, 1, 5_3_100, 0, 405741833, , , , , , , , , , , 0, 
SIMPLE, 1, 5_3_100, 0, 406554212, , , , , , , , , , , 0, 
SIMPLE, 1, 5_5_1, 0, 404115780, , , , , , , , , , , 0, 
SIMPLE, 1, 5_5_1, 0, 404084642, , , , , , , , , , , 0, 
SIMPLE, 1, 5_5_1, 0, 403780521, , , , , , , , , , , 0, 
SIMPLE, 1, 5_5_3, 0, 409696033, , , , , , , , , , , 0, 
SIMPLE, 1, 5_5_3, 0, 407325172, , , , , , , , , , , 0, 
SIMPLE, 1, 5_5_3, 0, 407506262, , , , , , , , , , , 0, 
SIMPLE, 1, 5_5_5, 0, 409197822, , , , , , , , , , , 0, 
SIMPLE, 1, 5_5_5, 0, 409269296, , , , , , , , , , , 0, 
SIMPLE, 1, 5_5_5, 0, 408928079, , , , , , , , , , , 0, 
SIMPLE, 1, 5_5_10, 0, 421722221, , , , , , , , , , , 0, 
SIMPLE, 1, 5_5_10, 0, 418268035, , , , , , , , , , , 0, 
SIMPLE, 1, 5_5_10, 0, 418522003, , , , , , , , , , , 0, 
SIMPLE, 1, 5_5_25, 0, 416294190, , , , , , , , , , , 0, 
SIMPLE, 1, 5_5_25, 0, 417888029, , , , , , , , , , , 0, 
SIMPLE, 1, 5_5_25, 0, 415247882, , , , , , , , , , , 0, 
SIMPLE, 1, 5_5_50, 0, 427696671, , , , , , , , , , , 0, 
SIMPLE, 1, 5_5_50, 0, 420105728, , , , , , , , , , , 0, 
SIMPLE, 1, 5_5_50, 0, 419805470, , , , , , , , , , , 0, 
SIMPLE, 1, 5_5_100, 0, 424882585, , , , , , , , , , , 0, 
SIMPLE, 1, 5_5_100, 0, 426082124, , , , , , , , , , , 0, 
SIMPLE, 1, 5_5_100, 0, 420698403, , , , , , , , , , , 0, 
SIMPLE, 1, 5_10_1, 0, 413660321, , , , , , , , , , , 0, 
SIMPLE, 1, 5_10_1, 0, 413590385, , , , , , , , , , , 0, 
SIMPLE, 1, 5_10_1, 0, 416071477, , , , , , , , , , , 0, 
SIMPLE, 1, 5_10_3, 0, 424589928, , , , , , , , , , , 0, 
SIMPLE, 1, 5_10_3, 0, 423027286, , , , , , , , , , , 0, 
SIMPLE, 1, 5_10_3, 0, 422372003, , , , , , , , , , , 0, 
SIMPLE, 1, 5_10_5, 0, 434844060, , , , , , , , , , , 0, 
SIMPLE, 1, 5_10_5, 0, 445152572, , , , , , , , , , , 0, 
SIMPLE, 1, 5_10_5, 0, 443176847, , , , , , , , , , , 0, 
SIMPLE, 1, 5_10_10, 0, 442351147, , , , , , , , , , , 0, 
SIMPLE, 1, 5_10_10, 0, 437629025, , , , , , , , , , , 0, 
SIMPLE, 1, 5_10_10, 0, 438115241, , , , , , , , , , , 0, 
SIMPLE, 1, 5_10_25, 0, 449777466, , , , , , , , , , , 0, 
SIMPLE, 1, 5_10_25, 0, 451853658, , , , , , , , , , , 0, 
SIMPLE, 1, 5_10_25, 0, 451716444, , , , , , , , , , , 0, 
SIMPLE, 1, 5_10_50, 0, 456544814, , , , , , , , , , , 0, 
SIMPLE, 1, 5_10_50, 0, 454561499, , , , , , , , , , , 0, 
SIMPLE, 1, 5_10_50, 0, 468618643, , , , , , , , , , , 0, 
SIMPLE, 1, 5_10_100, 0, 460010983, , , , , , , , , , , 0, 
SIMPLE, 1, 5_10_100, 0, 459687511, , , , , , , , , , , 0, 
SIMPLE, 1, 5_10_100, 0, 457953430, , , , , , , , , , , 0, 
SIMPLE, 1, 5_25_1, 0, 478451138, , , , , , , , , , , 0, 
SIMPLE, 1, 5_25_1, 0, 468916365, , , , , , , , , , , 0, 
SIMPLE, 1, 5_25_1, 0, 467703354, , , , , , , , , , , 0, 
SIMPLE, 1, 5_25_3, 0, 488903152, , , , , , , , , , , 0, 
SIMPLE, 1, 5_25_3, 0, 492830585, , , , , , , , , , , 0, 
SIMPLE, 1, 5_25_3, 0, 508848388, , , , , , , , , , , 0, 
SIMPLE, 1, 5_25_5, 0, 506763316, , , , , , , , , , , 0, 
SIMPLE, 1, 5_25_5, 0, 508130731, , , , , , , , , , , 0, 
SIMPLE, 1, 5_25_5, 0, 507449388, , , , , , , , , , , 0, 
SIMPLE, 1, 5_25_10, 0, 546148822, , , , , , , , , , , 0, 
SIMPLE, 1, 5_25_10, 0, 537017758, , , , , , , , , , , 0, 
SIMPLE, 1, 5_25_10, 0, 536904255, , , , , , , , , , , 0, 
SIMPLE, 1, 5_25_25, 0, 552558369, , , , , , , , , , , 0, 
SIMPLE, 1, 5_25_25, 0, 562425048, , , , , , , , , , , 0, 
SIMPLE, 1, 5_25_25, 0, 568385558, , , , , , , , , , , 0, 
SIMPLE, 1, 5_25_50, 0, 582873860, , , , , , , , , , , 0, 
SIMPLE, 1, 5_25_50, 0, 582145410, , , , , , , , , , , 0, 
SIMPLE, 1, 5_25_50, 0, 580806909, , , , , , , , , , , 0, 
SIMPLE, 1, 5_25_100, 0, 574351784, , , , , , , , , , , 0, 
SIMPLE, 1, 5_25_100, 0, 569503052, , , , , , , , , , , 0, 
SIMPLE, 1, 5_25_100, 0, 569250910, , , , , , , , , , , 0, 
SIMPLE, 1, 5_50_1, 0, 558501589, , , , , , , , , , , 0, 
SIMPLE, 1, 5_50_1, 0, 567016157, , , , , , , , , , , 0, 
SIMPLE, 1, 5_50_1, 0, 542311738, , , , , , , , , , , 0, 
SIMPLE, 1, 5_50_3, 0, 578530887, , , , , , , , , , , 0, 
SIMPLE, 1, 5_50_3, 0, 602288381, , , , , , , , , , , 0, 
SIMPLE, 1, 5_50_3, 0, 581782562, , , , , , , , , , , 0, 
SIMPLE, 1, 5_50_5, 0, 631221864, , , , , , , , , , , 0, 
SIMPLE, 1, 5_50_5, 0, 627353763, , , , , , , , , , , 0, 
SIMPLE, 1, 5_50_5, 0, 640934122, , , , , , , , , , , 0, 
SIMPLE, 1, 5_50_10, 0, 682039380, , , , , , , , , , , 0, 
SIMPLE, 1, 5_50_10, 0, 680313979, , , , , , , , , , , 0, 
SIMPLE, 1, 5_50_10, 0, 698785281, , , , , , , , , , , 0, 
SIMPLE, 1, 5_50_25, 0, 753466974, , , , , , , , , , , 0, 
SIMPLE, 1, 5_50_25, 0, 752247205, , , , , , , , , , , 0, 
SIMPLE, 1, 5_50_25, 0, 751269346, , , , , , , , , , , 0, 
SIMPLE, 1, 5_50_50, 0, 787769075, , , , , , , , , , , 0, 
SIMPLE, 1, 5_50_50, 0, 788369758, , , , , , , , , , , 0, 
SIMPLE, 1, 5_50_50, 0, 794130223, , , , , , , , , , , 0, 
SIMPLE, 1, 5_50_100, 0, 741959740, , , , , , , , , , , 0, 
SIMPLE, 1, 5_50_100, 0, 743191998, , , , , , , , , , , 0, 
SIMPLE, 1, 5_50_100, 0, 745447195, , , , , , , , , , , 0, 
SIMPLE, 1, 5_100_100, 0, 1224348210, , , , , , , , , , , 0, 
SIMPLE, 1, 5_100_100, 0, 1207175981, , , , , , , , , , , 0, 
SIMPLE, 1, 5_100_100, 0, 1208155535, , , , , , , , , , , 0, 
SIMPLE, 2, 5_0_0, 0, 539920946, , , , , , , , , , , 0, 
SIMPLE, 2, 5_0_0, 0, 550395536, , , , , , , , , , , 0, 
SIMPLE, 2, 5_0_0, 0, 544588784, , , , , , , , , , , 0, 
SIMPLE, 2, 5_1_1, 0, 790338142, , , , , , , , , , , 0, 
SIMPLE, 2, 5_1_1, 0, 788003250, , , , , , , , , , , 0, 
SIMPLE, 2, 5_1_1, 0, 784967859, , , , , , , , , , , 0, 
SIMPLE, 2, 5_1_3, 0, 683577069, , , , , , , , , , , 0, 
SIMPLE, 2, 5_1_3, 0, 718807204, , , , , , , , , , , 0, 
SIMPLE, 2, 5_1_3, 0, 710084833, , , , , , , , , , , 0, 
SIMPLE, 2, 5_1_5, 0, 733357906, , , , , , , , , , , 0, 
SIMPLE, 2, 5_1_5, 0, 743408140, , , , , , , , , , , 0, 
SIMPLE, 2, 5_1_5, 0, 752454363, , , , , , , , , , , 0, 
SIMPLE, 2, 5_1_10, 0, 719155117, , , , , , , , , , , 0, 
SIMPLE, 2, 5_1_10, 0, 739912031, , , , , , , , , , , 0, 
SIMPLE, 2, 5_1_10, 0, 733475587, , , , , , , , , , , 0, 
SIMPLE, 2, 5_1_25, 0, 723534415, , , , , , , , , , , 0, 
SIMPLE, 2, 5_1_25, 0, 755192097, , , , , , , , , , , 0, 
SIMPLE, 2, 5_1_25, 0, 735609286, , , , , , , , , , , 0, 
SIMPLE, 2, 5_1_50, 0, 739836792, , , , , , , , , , , 0, 
SIMPLE, 2, 5_1_50, 0, 761330508, , , , , , , , , , , 0, 
SIMPLE, 2, 5_1_50, 0, 764213743, , , , , , , , , , , 0, 
SIMPLE, 2, 5_1_100, 0, 756268789, , , , , , , , , , , 0, 
SIMPLE, 2, 5_1_100, 0, 780709457, , , , , , , , , , , 0, 
SIMPLE, 2, 5_1_100, 0, 774499989, , , , , , , , , , , 0, 
SIMPLE, 2, 5_3_1, 0, 710785542, , , , , , , , , , , 0, 
SIMPLE, 2, 5_3_1, 0, 732099278, , , , , , , , , , , 0, 
SIMPLE, 2, 5_3_1, 0, 721673042, , , , , , , , , , , 0, 
SIMPLE, 2, 5_3_3, 0, 730568669, , , , , , , , , , , 0, 
SIMPLE, 2, 5_3_3, 0, 745911948, , , , , , , , , , , 0, 
SIMPLE, 2, 5_3_3, 0, 764084271, , , , , , , , , , , 0, 
SIMPLE, 2, 5_3_5, 0, 736804481, , , , , , , , , , , 0, 
SIMPLE, 2, 5_3_5, 0, 754411433, , , , , , , , , , , 0, 
SIMPLE, 2, 5_3_5, 0, 760062261, , , , , , , , , , , 0, 
SIMPLE, 2, 5_3_10, 0, 731384914, , , , , , , , , , , 0, 
SIMPLE, 2, 5_3_10, 0, 753214172, , , , , , , , , , , 0, 
SIMPLE, 2, 5_3_10, 0, 745387420, , , , , , , , , , , 0, 
SIMPLE, 2, 5_3_25, 0, 758298171, , , , , , , , , , , 0, 
SIMPLE, 2, 5_3_25, 0, 777049615, , , , , , , , , , , 0, 
SIMPLE, 2, 5_3_25, 0, 794775894, , , , , , , , , , , 0, 
SIMPLE, 2, 5_3_50, 0, 764166804, , , , , , , , , , , 0, 
SIMPLE, 2, 5_3_50, 0, 788047369, , , , , , , , , , , 0, 
SIMPLE, 2, 5_3_50, 0, 778989853, , , , , , , , , , , 0, 
SIMPLE, 2, 5_3_100, 0, 750363463, , , , , , , , , , , 0, 
SIMPLE, 2, 5_3_100, 0, 751325370, , , , , , , , , , , 0, 
SIMPLE, 2, 5_3_100, 0, 749970831, , , , , , , , , , , 0, 
SIMPLE, 2, 5_5_1, 0, 732880696, , , , , , , , , , , 0, 
SIMPLE, 2, 5_5_1, 0, 754226801, , , , , , , , , , , 0, 
SIMPLE, 2, 5_5_1, 0, 749572041, , , , , , , , , , , 0, 
SIMPLE, 2, 5_5_3, 0, 735566709, , , , , , , , , , , 0, 
SIMPLE, 2, 5_5_3, 0, 747724100, , , , , , , , , , , 0, 
SIMPLE, 2, 5_5_3, 0, 772099717, , , , , , , , , , , 0, 
SIMPLE, 2, 5_5_5, 0, 723605422, , , , , , , , , , , 0, 
SIMPLE, 2, 5_5_5, 0, 740740669, , , , , , , , , , , 0, 
SIMPLE, 2, 5_5_5, 0, 749041982, , , , , , , , , , , 0, 
SIMPLE, 2, 5_5_10, 0, 730639254, , , , , , , , , , , 0, 
SIMPLE, 2, 5_5_10, 0, 763041483, , , , , , , , , , , 0, 
SIMPLE, 2, 5_5_10, 0, 732959893, , , , , , , , , , , 0, 
SIMPLE, 2, 5_5_25, 0, 723858358, , , , , , , , , , , 0, 
SIMPLE, 2, 5_5_25, 0, 754719300, , , , , , , , , , , 0, 
SIMPLE, 2, 5_5_25, 0, 745709334, , , , , , , , , , , 0, 
SIMPLE, 2, 5_5_50, 0, 722053278, , , , , , , , , , , 0, 
SIMPLE, 2, 5_5_50, 0, 721889296, , , , , , , , , , , 0, 
SIMPLE, 2, 5_5_50, 0, 721472355, , , , , , , , , , , 0, 
SIMPLE, 2, 5_5_100, 0, 751352594, , , , , , , , , , , 0, 
SIMPLE, 2, 5_5_100, 0, 788639135, , , , , , , , , , , 0, 
SIMPLE, 2, 5_5_100, 0, 784022199, , , , , , , , , , , 0, 
SIMPLE, 2, 5_10_1, 0, 743292148, , , , , , , , , , , 0, 
SIMPLE, 2, 5_10_1, 0, 764536535, , , , , , , , , , , 0, 
SIMPLE, 2, 5_10_1, 0, 756133805, , , , , , , , , , , 0, 
SIMPLE, 2, 5_10_3, 0, 710057842, , , , , , , , , , , 0, 
SIMPLE, 2, 5_10_3, 0, 710726933, , , , , , , , , , , 0, 
SIMPLE, 2, 5_10_3, 0, 710824374, , , , , , , , , , , 0, 
SIMPLE, 2, 5_10_5, 0, 747504927, , , , , , , , , , , 0, 
SIMPLE, 2, 5_10_5, 0, 778219700, , , , , , , , , , , 0, 
SIMPLE, 2, 5_10_5, 0, 787120213, , , , , , , , , , , 0, 
SIMPLE, 2, 5_10_10, 0, 705844908, , , , , , , , , , , 0, 
SIMPLE, 2, 5_10_10, 0, 705594336, , , , , , , , , , , 0, 
SIMPLE, 2, 5_10_10, 0, 704350504, , , , , , , , , , , 0, 
SIMPLE, 2, 5_10_25, 0, 707843414, , , , , , , , , , , 0, 
SIMPLE, 2, 5_10_25, 0, 707324924, , , , , , , , , , , 0, 
SIMPLE, 2, 5_10_25, 0, 706904860, , , , , , , , , , , 0, 
SIMPLE, 2, 5_10_50, 0, 734766622, , , , , , , , , , , 0, 
SIMPLE, 2, 5_10_50, 0, 736066591, , , , , , , , , , , 0, 
SIMPLE, 2, 5_10_50, 0, 733312262, , , , , , , , , , , 0, 
SIMPLE, 2, 5_10_100, 0, 731495791, , , , , , , , , , , 0, 
SIMPLE, 2, 5_10_100, 0, 731230026, , , , , , , , , , , 0, 
SIMPLE, 2, 5_10_100, 0, 734104894, , , , , , , , , , , 0, 
SIMPLE, 2, 5_25_1, 0, 701400392, , , , , , , , , , , 0, 
SIMPLE, 2, 5_25_1, 0, 704522824, , , , , , , , , , , 0, 
SIMPLE, 2, 5_25_1, 0, 693592949, , , , , , , , , , , 0, 
SIMPLE, 2, 5_25_3, 0, 690844136, , , , , , , , , , , 0, 
SIMPLE, 2, 5_25_3, 0, 697020858, , , , , , , , , , , 0, 
SIMPLE, 2, 5_25_3, 0, 690685361, , , , , , , , , , , 0, 
SIMPLE, 2, 5_25_5, 0, 684632533, , , , , , , , , , , 0, 
SIMPLE, 2, 5_25_5, 0, 689880124, , , , , , , , , , , 0, 
SIMPLE, 2, 5_25_5, 0, 684009290, , , , , , , , , , , 0, 
SIMPLE, 2, 5_25_10, 0, 674169211, , , , , , , , , , , 0, 
SIMPLE, 2, 5_25_10, 0, 674374173, , , , , , , , , , , 0, 
SIMPLE, 2, 5_25_10, 0, 685813815, , , , , , , , , , , 0, 
SIMPLE, 2, 5_25_25, 0, 697012061, , , , , , , , , , , 0, 
SIMPLE, 2, 5_25_25, 0, 702378381, , , , , , , , , , , 0, 
SIMPLE, 2, 5_25_25, 0, 702032808, , , , , , , , , , , 0, 
SIMPLE, 2, 5_25_50, 0, 684579849, , , , , , , , , , , 0, 
SIMPLE, 2, 5_25_50, 0, 688582171, , , , , , , , , , , 0, 
SIMPLE, 2, 5_25_50, 0, 686090339, , , , , , , , , , , 0, 
SIMPLE, 2, 5_25_100, 0, 700467979, , , , , , , , , , , 0, 
SIMPLE, 2, 5_25_100, 0, 696840562, , , , , , , , , , , 0, 
SIMPLE, 2, 5_25_100, 0, 697084021, , , , , , , , , , , 0, 
SIMPLE, 2, 5_50_1, 0, 611824480, , , , , , , , , , , 0, 
SIMPLE, 2, 5_50_1, 0, 610150329, , , , , , , , , , , 0, 
SIMPLE, 2, 5_50_1, 0, 607690133, , , , , , , , , , , 0, 
SIMPLE, 2, 5_50_3, 0, 616151396, , , , , , , , , , , 0, 
SIMPLE, 2, 5_50_3, 0, 615648230, , , , , , , , , , , 0, 
SIMPLE, 2, 5_50_3, 0, 614452629, , , , , , , , , , , 0, 
SIMPLE, 2, 5_50_5, 0, 631254007, , , , , , , , , , , 0, 
SIMPLE, 2, 5_50_5, 0, 629628218, , , , , , , , , , , 0, 
SIMPLE, 2, 5_50_5, 0, 630044952, , , , , , , , , , , 0, 
SIMPLE, 2, 5_50_10, 0, 645083959, , , , , , , , , , , 0, 
SIMPLE, 2, 5_50_10, 0, 652327923, , , , , , , , , , , 0, 
SIMPLE, 2, 5_50_10, 0, 649847694, , , , , , , , , , , 0, 
SIMPLE, 2, 5_50_25, 0, 664211545, , , , , , , , , , , 0, 
SIMPLE, 2, 5_50_25, 0, 661328018, , , , , , , , , , , 0, 
SIMPLE, 2, 5_50_25, 0, 661249849, , , , , , , , , , , 0, 
SIMPLE, 2, 5_50_50, 0, 680954340, , , , , , , , , , , 0, 
SIMPLE, 2, 5_50_50, 0, 677855518, , , , , , , , , , , 0, 
SIMPLE, 2, 5_50_50, 0, 677617519, , , , , , , , , , , 0, 
SIMPLE, 2, 5_50_100, 0, 682437076, , , , , , , , , , , 0, 
SIMPLE, 2, 5_50_100, 0, 676015622, , , , , , , , , , , 0, 
SIMPLE, 2, 5_50_100, 0, 674809404, , , , , , , , , , , 0, 
SIMPLE, 2, 5_100_100, 0, 860805418, , , , , , , , , , , 0, 
SIMPLE, 2, 5_100_100, 0, 857774858, , , , , , , , , , , 0, 
SIMPLE, 2, 5_100_100, 0, 856880076, , , , , , , , , , , 0, 
SIMPLE, 4, 5_0_0, 0, 1661764382, , , , , , , , , , , 0, 
SIMPLE, 4, 5_0_0, 0, 1666517488, , , , , , , , , , , 0, 
SIMPLE, 4, 5_0_0, 0, 1675174793, , , , , , , , , , , 0, 
SIMPLE, 4, 5_1_1, 0, 1951152580, , , , , , , , , , , 0, 
SIMPLE, 4, 5_1_1, 0, 1946942041, , , , , , , , , , , 0, 
SIMPLE, 4, 5_1_1, 0, 1949872908, , , , , , , , , , , 0, 
SIMPLE, 4, 5_1_3, 0, 1864832390, , , , , , , , , , , 0, 
SIMPLE, 4, 5_1_3, 0, 1883096048, , , , , , , , , , , 0, 
SIMPLE, 4, 5_1_3, 0, 1865112952, , , , , , , , , , , 0, 
SIMPLE, 4, 5_1_5, 0, 1945720465, , , , , , , , , , , 0, 
SIMPLE, 4, 5_1_5, 0, 1946243789, , , , , , , , , , , 0, 
SIMPLE, 4, 5_1_5, 0, 1947259105, , , , , , , , , , , 0, 
SIMPLE, 4, 5_1_10, 0, 2005780139, , , , , , , , , , , 0, 
SIMPLE, 4, 5_1_10, 0, 2009466077, , , , , , , , , , , 0, 
SIMPLE, 4, 5_1_10, 0, 1991891370, , , , , , , , , , , 0, 
SIMPLE, 4, 5_1_25, 0, 1926226119, , , , , , , , , , , 0, 
SIMPLE, 4, 5_1_25, 0, 1932623760, , , , , , , , , , , 0, 
SIMPLE, 4, 5_1_25, 0, 1923451931, , , , , , , , , , , 0, 
SIMPLE, 4, 5_1_50, 0, 1930617878, , , , , , , , , , , 0, 
SIMPLE, 4, 5_1_50, 0, 1962010442, , , , , , , , , , , 0, 
SIMPLE, 4, 5_1_50, 0, 1957449623, , , , , , , , , , , 0, 
SIMPLE, 4, 5_1_100, 0, 1991515414, , , , , , , , , , , 0, 
SIMPLE, 4, 5_1_100, 0, 1989796979, , , , , , , , , , , 0, 
SIMPLE, 4, 5_1_100, 0, 1992401860, , , , , , , , , , , 0, 
SIMPLE, 4, 5_3_1, 0, 1863742703, , , , , , , , , , , 0, 
SIMPLE, 4, 5_3_1, 0, 1840442274, , , , , , , , , , , 0, 
SIMPLE, 4, 5_3_1, 0, 1843209818, , , , , , , , , , , 0, 
SIMPLE, 4, 5_3_3, 0, 1925239791, , , , , , , , , , , 0, 
SIMPLE, 4, 5_3_3, 0, 1943086929, , , , , , , , , , , 0, 
SIMPLE, 4, 5_3_3, 0, 1924039991, , , , , , , , , , , 0, 
SIMPLE, 4, 5_3_5, 0, 1960211374, , , , , , , , , , , 0, 
SIMPLE, 4, 5_3_5, 0, 1948455143, , , , , , , , , , , 0, 
SIMPLE, 4, 5_3_5, 0, 1961892699, , , , , , , , , , , 0, 
SIMPLE, 4, 5_3_10, 0, 2006839969, , , , , , , , , , , 0, 
SIMPLE, 4, 5_3_10, 0, 2021740691, , , , , , , , , , , 0, 
SIMPLE, 4, 5_3_10, 0, 2003209651, , , , , , , , , , , 0, 
SIMPLE, 4, 5_3_25, 0, 1930407409, , , , , , , , , , , 0, 
SIMPLE, 4, 5_3_25, 0, 1918725690, , , , , , , , , , , 0, 
SIMPLE, 4, 5_3_25, 0, 1924407596, , , , , , , , , , , 0, 
SIMPLE, 4, 5_3_50, 0, 1929720851, , , , , , , , , , , 0, 
SIMPLE, 4, 5_3_50, 0, 1925496580, , , , , , , , , , , 0, 
SIMPLE, 4, 5_3_50, 0, 1939075645, , , , , , , , , , , 0, 
SIMPLE, 4, 5_3_100, 0, 2032817185, , , , , , , , , , , 0, 
SIMPLE, 4, 5_3_100, 0, 2018605259, , , , , , , , , , , 0, 
SIMPLE, 4, 5_3_100, 0, 2010261158, , , , , , , , , , , 0, 
SIMPLE, 4, 5_5_1, 0, 2003864318, , , , , , , , , , , 0, 
SIMPLE, 4, 5_5_1, 0, 2001013214, , , , , , , , , , , 0, 
SIMPLE, 4, 5_5_1, 0, 2001207934, , , , , , , , , , , 0, 
SIMPLE, 4, 5_5_3, 0, 1935520719, , , , , , , , , , , 0, 
SIMPLE, 4, 5_5_3, 0, 1930029777, , , , , , , , , , , 0, 
SIMPLE, 4, 5_5_3, 0, 1936865991, , , , , , , , , , , 0, 
SIMPLE, 4, 5_5_5, 0, 2001958617, , , , , , , , , , , 0, 
SIMPLE, 4, 5_5_5, 0, 1987775881, , , , , , , , , , , 0, 
SIMPLE, 4, 5_5_5, 0, 1991147202, , , , , , , , , , , 0, 
SIMPLE, 4, 5_5_10, 0, 1956025414, , , , , , , , , , , 0, 
SIMPLE, 4, 5_5_10, 0, 1937973266, , , , , , , , , , , 0, 
SIMPLE, 4, 5_5_10, 0, 1952223153, , , , , , , , , , , 0, 
SIMPLE, 4, 5_5_25, 0, 1900851768, , , , , , , , , , , 0, 
SIMPLE, 4, 5_5_25, 0, 1899892755, , , , , , , , , , , 0, 
SIMPLE, 4, 5_5_25, 0, 1912475999, , , , , , , , , , , 0, 
SIMPLE, 4, 5_5_50, 0, 2010059052, , , , , , , , , , , 0, 
SIMPLE, 4, 5_5_50, 0, 1996906119, , , , , , , , , , , 0, 
SIMPLE, 4, 5_5_50, 0, 2008189687, , , , , , , , , , , 0, 
SIMPLE, 4, 5_5_100, 0, 1975861110, , , , , , , , , , , 0, 
SIMPLE, 4, 5_5_100, 0, 1970627267, , , , , , , , , , , 0, 
SIMPLE, 4, 5_5_100, 0, 1987503815, , , , , , , , , , , 0, 
SIMPLE, 4, 5_10_1, 0, 1888909860, , , , , , , , , , , 0, 
SIMPLE, 4, 5_10_1, 0, 1887170329, , , , , , , , , , , 0, 
SIMPLE, 4, 5_10_1, 0, 1886335379, , , , , , , , , , , 0, 
SIMPLE, 4, 5_10_3, 0, 1958944031, , , , , , , , , , , 0, 
SIMPLE, 4, 5_10_3, 0, 1961985761, , , , , , , , , , , 0, 
SIMPLE, 4, 5_10_3, 0, 1964467521, , , , , , , , , , , 0, 
SIMPLE, 4, 5_10_5, 0, 1949213034, , , , , , , , , , , 0, 
SIMPLE, 4, 5_10_5, 0, 1954180660, , , , , , , , , , , 0, 
SIMPLE, 4, 5_10_5, 0, 1951706903, , , , , , , , , , , 0, 
SIMPLE, 4, 5_10_10, 0, 1879001364, , , , , , , , , , , 0, 
SIMPLE, 4, 5_10_10, 0, 1888416194, , , , , , , , , , , 0, 
SIMPLE, 4, 5_10_10, 0, 1876639443, , , , , , , , , , , 0, 
SIMPLE, 4, 5_10_25, 0, 1869328540, , , , , , , , , , , 0, 
SIMPLE, 4, 5_10_25, 0, 1863801300, , , , , , , , , , , 0, 
SIMPLE, 4, 5_10_25, 0, 1871479591, , , , , , , , , , , 0, 
SIMPLE, 4, 5_10_50, 0, 1952894822, , , , , , , , , , , 0, 
SIMPLE, 4, 5_10_50, 0, 1968798132, , , , , , , , , , , 0, 
SIMPLE, 4, 5_10_50, 0, 1946228895, , , , , , , , , , , 0, 
SIMPLE, 4, 5_10_100, 0, 1893532389, , , , , , , , , , , 0, 
SIMPLE, 4, 5_10_100, 0, 1896310757, , , , , , , , , , , 0, 
SIMPLE, 4, 5_10_100, 0, 1891523548, , , , , , , , , , , 0, 
SIMPLE, 4, 5_25_1, 0, 1828771484, , , , , , , , , , , 0, 
SIMPLE, 4, 5_25_1, 0, 1806803892, , , , , , , , , , , 0, 
SIMPLE, 4, 5_25_1, 0, 1801159252, , , , , , , , , , , 0, 
SIMPLE, 4, 5_25_3, 0, 1720423797, , , , , , , , , , , 0, 
SIMPLE, 4, 5_25_3, 0, 1731412856, , , , , , , , , , , 0, 
SIMPLE, 4, 5_25_3, 0, 1737879779, , , , , , , , , , , 0, 
SIMPLE, 4, 5_25_5, 0, 1813329417, , , , , , , , , , , 0, 
SIMPLE, 4, 5_25_5, 0, 1811433081, , , , , , , , , , , 0, 
SIMPLE, 4, 5_25_5, 0, 1813056582, , , , , , , , , , , 0, 
SIMPLE, 4, 5_25_10, 0, 1699495620, , , , , , , , , , , 0, 
SIMPLE, 4, 5_25_10, 0, 1701574284, , , , , , , , , , , 0, 
SIMPLE, 4, 5_25_10, 0, 1703522601, , , , , , , , , , , 0, 
SIMPLE, 4, 5_25_25, 0, 1827406555, , , , , , , , , , , 0, 
SIMPLE, 4, 5_25_25, 0, 1814620773, , , , , , , , , , , 0, 
SIMPLE, 4, 5_25_25, 0, 1804885990, , , , , , , , , , , 0, 
SIMPLE, 4, 5_25_50, 0, 1811952874, , , , , , , , , , , 0, 
SIMPLE, 4, 5_25_50, 0, 1808688236, , , , , , , , , , , 0, 
SIMPLE, 4, 5_25_50, 0, 1792456030, , , , , , , , , , , 0, 
SIMPLE, 4, 5_25_100, 0, 1746053223, , , , , , , , , , , 0, 
SIMPLE, 4, 5_25_100, 0, 1744074021, , , , , , , , , , , 0, 
SIMPLE, 4, 5_25_100, 0, 1727392902, , , , , , , , , , , 0, 
SIMPLE, 4, 5_50_1, 0, 1455286021, , , , , , , , , , , 0, 
SIMPLE, 4, 5_50_1, 0, 1447275064, , , , , , , , , , , 0, 
SIMPLE, 4, 5_50_1, 0, 1462977527, , , , , , , , , , , 0, 
SIMPLE, 4, 5_50_3, 0, 1495040360, , , , , , , , , , , 0, 
SIMPLE, 4, 5_50_3, 0, 1508252177, , , , , , , , , , , 0, 
SIMPLE, 4, 5_50_3, 0, 1504412115, , , , , , , , , , , 0, 
SIMPLE, 4, 5_50_5, 0, 1524865606, , , , , , , , , , , 0, 
SIMPLE, 4, 5_50_5, 0, 1512780589, , , , , , , , , , , 0, 
SIMPLE, 4, 5_50_5, 0, 1548942255, , , , , , , , , , , 0, 
SIMPLE, 4, 5_50_10, 0, 1379295816, , , , , , , , , , , 0, 
SIMPLE, 4, 5_50_10, 0, 1367500157, , , , , , , , , , , 0, 
SIMPLE, 4, 5_50_10, 0, 1364295861, , , , , , , , , , , 0, 
SIMPLE, 4, 5_50_25, 0, 1346996906, , , , , , , , , , , 0, 
SIMPLE, 4, 5_50_25, 0, 1351680012, , , , , , , , , , , 0, 
SIMPLE, 4, 5_50_25, 0, 1336942289, , , , , , , , , , , 0, 
SIMPLE, 4, 5_50_50, 0, 1334486970, , , , , , , , , , , 0, 
SIMPLE, 4, 5_50_50, 0, 1334938948, , , , , , , , , , , 0, 
SIMPLE, 4, 5_50_50, 0, 1340041688, , , , , , , , , , , 0, 
SIMPLE, 4, 5_50_100, 0, 1491989749, , , , , , , , , , , 0, 
SIMPLE, 4, 5_50_100, 0, 1483851761, , , , , , , , , , , 0, 
SIMPLE, 4, 5_50_100, 0, 1499003523, , , , , , , , , , , 0, 
SIMPLE, 4, 5_100_100, 0, 945747602, , , , , , , , , , , 0, 
SIMPLE, 4, 5_100_100, 0, 949296664, , , , , , , , , , , 0, 
SIMPLE, 4, 5_100_100, 0, 951761938, , , , , , , , , , , 0, 
SIMPLE, 8, 5_0_0, 0, 3357943171, , , , , , , , , , , 0, 
SIMPLE, 8, 5_0_0, 0, 3358618297, , , , , , , , , , , 0, 
SIMPLE, 8, 5_0_0, 0, 3346583192, , , , , , , , , , , 0, 
SIMPLE, 8, 5_1_1, 0, 3950000686, , , , , , , , , , , 0, 
SIMPLE, 8, 5_1_1, 0, 3952560839, , , , , , , , , , , 0, 
SIMPLE, 8, 5_1_1, 0, 3949277678, , , , , , , , , , , 0, 
SIMPLE, 8, 5_1_3, 0, 3730700549, , , , , , , , , , , 0, 
SIMPLE, 8, 5_1_3, 0, 3713484724, , , , , , , , , , , 0, 
SIMPLE, 8, 5_1_3, 0, 3718161342, , , , , , , , , , , 0, 
SIMPLE, 8, 5_1_5, 0, 3874767419, , , , , , , , , , , 0, 
SIMPLE, 8, 5_1_5, 0, 3873878753, , , , , , , , , , , 0, 
SIMPLE, 8, 5_1_5, 0, 3876486338, , , , , , , , , , , 0, 
SIMPLE, 8, 5_1_10, 0, 3753950031, , , , , , , , , , , 0, 
SIMPLE, 8, 5_1_10, 0, 3734242963, , , , , , , , , , , 0, 
SIMPLE, 8, 5_1_10, 0, 3738586251, , , , , , , , , , , 0, 
SIMPLE, 8, 5_1_25, 0, 3804337781, , , , , , , , , , , 0, 
SIMPLE, 8, 5_1_25, 0, 3828191598, , , , , , , , , , , 0, 
SIMPLE, 8, 5_1_25, 0, 3829094673, , , , , , , , , , , 0, 
SIMPLE, 8, 5_1_50, 0, 3953704767, , , , , , , , , , , 0, 
SIMPLE, 8, 5_1_50, 0, 3974567677, , , , , , , , , , , 0, 
SIMPLE, 8, 5_1_50, 0, 3937948406, , , , , , , , , , , 0, 
SIMPLE, 8, 5_1_100, 0, 3811385123, , , , , , , , , , , 0, 
SIMPLE, 8, 5_1_100, 0, 3793235018, , , , , , , , , , , 0, 
SIMPLE, 8, 5_1_100, 0, 3791816010, , , , , , , , , , , 0, 
SIMPLE, 8, 5_3_1, 0, 3737928586, , , , , , , , , , , 0, 
SIMPLE, 8, 5_3_1, 0, 3726043422, , , , , , , , , , , 0, 
SIMPLE, 8, 5_3_1, 0, 3731206782, , , , , , , , , , , 0, 
SIMPLE, 8, 5_3_3, 0, 3854471754, , , , , , , , , , , 0, 
SIMPLE, 8, 5_3_3, 0, 3881030720, , , , , , , , , , , 0, 
SIMPLE, 8, 5_3_3, 0, 3883487313, , , , , , , , , , , 0, 
SIMPLE, 8, 5_3_5, 0, 3850241899, , , , , , , , , , , 0, 
SIMPLE, 8, 5_3_5, 0, 3842901786, , , , , , , , , , , 0, 
SIMPLE, 8, 5_3_5, 0, 3844376465, , , , , , , , , , , 0, 
SIMPLE, 8, 5_3_10, 0, 3807920374, , , , , , , , , , , 0, 
SIMPLE, 8, 5_3_10, 0, 3803865335, , , , , , , , , , , 0, 
SIMPLE, 8, 5_3_10, 0, 3819564506, , , , , , , , , , , 0, 
SIMPLE, 8, 5_3_25, 0, 3740657475, , , , , , , , , , , 0, 
SIMPLE, 8, 5_3_25, 0, 3720704678, , , , , , , , , , , 0, 
SIMPLE, 8, 5_3_25, 0, 3718989222, , , , , , , , , , , 0, 
SIMPLE, 8, 5_3_50, 0, 3813596827, , , , , , , , , , , 0, 
SIMPLE, 8, 5_3_50, 0, 3793833279, , , , , , , , , , , 0, 
SIMPLE, 8, 5_3_50, 0, 3805921891, , , , , , , , , , , 0, 
SIMPLE, 8, 5_3_100, 0, 3764689829, , , , , , , , , , , 0, 
SIMPLE, 8, 5_3_100, 0, 3766588622, , , , , , , , , , , 0, 
SIMPLE, 8, 5_3_100, 0, 3760321716, , , , , , , , , , , 0, 
SIMPLE, 8, 5_5_1, 0, 3723007983, , , , , , , , , , , 0, 
SIMPLE, 8, 5_5_1, 0, 3722139871, , , , , , , , , , , 0, 
SIMPLE, 8, 5_5_1, 0, 3715779847, , , , , , , , , , , 0, 
SIMPLE, 8, 5_5_3, 0, 3721597189, , , , , , , , , , , 0, 
SIMPLE, 8, 5_5_3, 0, 3716186253, , , , , , , , , , , 0, 
SIMPLE, 8, 5_5_3, 0, 3732173763, , , , , , , , , , , 0, 
SIMPLE, 8, 5_5_5, 0, 3728869177, , , , , , , , , , , 0, 
SIMPLE, 8, 5_5_5, 0, 3740723762, , , , , , , , , , , 0, 
SIMPLE, 8, 5_5_5, 0, 3745404199, , , , , , , , , , , 0, 
SIMPLE, 8, 5_5_10, 0, 3849431956, , , , , , , , , , , 0, 
SIMPLE, 8, 5_5_10, 0, 3835068020, , , , , , , , , , , 0, 
SIMPLE, 8, 5_5_10, 0, 3829911189, , , , , , , , , , , 0, 
SIMPLE, 8, 5_5_25, 0, 3665942596, , , , , , , , , , , 0, 
SIMPLE, 8, 5_5_25, 0, 3667399734, , , , , , , , , , , 0, 
SIMPLE, 8, 5_5_25, 0, 3654406021, , , , , , , , , , , 0, 
SIMPLE, 8, 5_5_50, 0, 3858560128, , , , , , , , , , , 0, 
SIMPLE, 8, 5_5_50, 0, 3825023366, , , , , , , , , , , 0, 
SIMPLE, 8, 5_5_50, 0, 3839122130, , , , , , , , , , , 0, 
SIMPLE, 8, 5_5_100, 0, 3700130507, , , , , , , , , , , 0, 
SIMPLE, 8, 5_5_100, 0, 3701848667, , , , , , , , , , , 0, 
SIMPLE, 8, 5_5_100, 0, 3701542947, , , , , , , , , , , 0, 
SIMPLE, 8, 5_10_1, 0, 3591078216, , , , , , , , , , , 0, 
SIMPLE, 8, 5_10_1, 0, 3608199633, , , , , , , , , , , 0, 
SIMPLE, 8, 5_10_1, 0, 3599007409, , , , , , , , , , , 0, 
SIMPLE, 8, 5_10_3, 0, 3660450072, , , , , , , , , , , 0, 
SIMPLE, 8, 5_10_3, 0, 3683061250, , , , , , , , , , , 0, 
SIMPLE, 8, 5_10_3, 0, 3660552610, , , , , , , , , , , 0, 
SIMPLE, 8, 5_10_5, 0, 3532397485, , , , , , , , , , , 0, 
SIMPLE, 8, 5_10_5, 0, 3508854654, , , , , , , , , , , 0, 
SIMPLE, 8, 5_10_5, 0, 3522463585, , , , , , , , , , , 0, 
SIMPLE, 8, 5_10_10, 0, 3692265057, , , , , , , , , , , 0, 
SIMPLE, 8, 5_10_10, 0, 3687547262, , , , , , , , , , , 0, 
SIMPLE, 8, 5_10_10, 0, 3687654511, , , , , , , , , , , 0, 
SIMPLE, 8, 5_10_25, 0, 3486915190, , , , , , , , , , , 0, 
SIMPLE, 8, 5_10_25, 0, 3504524586, , , , , , , , , , , 0, 
SIMPLE, 8, 5_10_25, 0, 3488806013, , , , , , , , , , , 0, 
SIMPLE, 8, 5_10_50, 0, 3566196598, , , , , , , , , , , 0, 
SIMPLE, 8, 5_10_50, 0, 3554228447, , , , , , , , , , , 0, 
SIMPLE, 8, 5_10_50, 0, 3554085687, , , , , , , , , , , 0, 
SIMPLE, 8, 5_10_100, 0, 3620186512, , , , , , , , , , , 0, 
SIMPLE, 8, 5_10_100, 0, 3599719417, , , , , , , , , , , 0, 
SIMPLE, 8, 5_10_100, 0, 3616847808, , , , , , , , , , , 0, 
SIMPLE, 8, 5_25_1, 0, 3047276296, , , , , , , , , , , 0, 
SIMPLE, 8, 5_25_1, 0, 3064222378, , , , , , , , , , , 0, 
SIMPLE, 8, 5_25_1, 0, 3051933001, , , , , , , , , , , 0, 
SIMPLE, 8, 5_25_3, 0, 2942749556, , , , , , , , , , , 0, 
SIMPLE, 8, 5_25_3, 0, 2929572350, , , , , , , , , , , 0, 
SIMPLE, 8, 5_25_3, 0, 2948115761, , , , , , , , , , , 0, 
SIMPLE, 8, 5_25_5, 0, 2985656916, , , , , , , , , , , 0, 
SIMPLE, 8, 5_25_5, 0, 2974887720, , , , , , , , , , , 0, 
SIMPLE, 8, 5_25_5, 0, 2994407187, , , , , , , , , , , 0, 
SIMPLE, 8, 5_25_10, 0, 3154168101, , , , , , , , , , , 0, 
SIMPLE, 8, 5_25_10, 0, 3140865726, , , , , , , , , , , 0, 
SIMPLE, 8, 5_25_10, 0, 3151557050, , , , , , , , , , , 0, 
SIMPLE, 8, 5_25_25, 0, 3172025089, , , , , , , , , , , 0, 
SIMPLE, 8, 5_25_25, 0, 3154533756, , , , , , , , , , , 0, 
SIMPLE, 8, 5_25_25, 0, 3167092556, , , , , , , , , , , 0, 
SIMPLE, 8, 5_25_50, 0, 2950482017, , , , , , , , , , , 0, 
SIMPLE, 8, 5_25_50, 0, 2960374436, , , , , , , , , , , 0, 
SIMPLE, 8, 5_25_50, 0, 2967114213, , , , , , , , , , , 0, 
SIMPLE, 8, 5_25_100, 0, 3188040015, , , , , , , , , , , 0, 
SIMPLE, 8, 5_25_100, 0, 3181143476, , , , , , , , , , , 0, 
SIMPLE, 8, 5_25_100, 0, 3177629873, , , , , , , , , , , 0, 
SIMPLE, 8, 5_50_1, 0, 2066149957, , , , , , , , , , , 0, 
SIMPLE, 8, 5_50_1, 0, 2057425238, , , , , , , , , , , 0, 
SIMPLE, 8, 5_50_1, 0, 2069111305, , , , , , , , , , , 0, 
SIMPLE, 8, 5_50_3, 0, 2189989968, , , , , , , , , , , 0, 
SIMPLE, 8, 5_50_3, 0, 2180826280, , , , , , , , , , , 0, 
SIMPLE, 8, 5_50_3, 0, 2186039370, , , , , , , , , , , 0, 
SIMPLE, 8, 5_50_5, 0, 1989424239, , , , , , , , , , , 0, 
SIMPLE, 8, 5_50_5, 0, 2006167591, , , , , , , , , , , 0, 
SIMPLE, 8, 5_50_5, 0, 2016042068, , , , , , , , , , , 0, 
SIMPLE, 8, 5_50_10, 0, 2026225748, , , , , , , , , , , 0, 
SIMPLE, 8, 5_50_10, 0, 2034917376, , , , , , , , , , , 0, 
SIMPLE, 8, 5_50_10, 0, 2020554834, , , , , , , , , , , 0, 
SIMPLE, 8, 5_50_25, 0, 2052685528, , , , , , , , , , , 0, 
SIMPLE, 8, 5_50_25, 0, 2037776105, , , , , , , , , , , 0, 
SIMPLE, 8, 5_50_25, 0, 2045691265, , , , , , , , , , , 0, 
SIMPLE, 8, 5_50_50, 0, 2169623950, , , , , , , , , , , 0, 
SIMPLE, 8, 5_50_50, 0, 2173294691, , , , , , , , , , , 0, 
SIMPLE, 8, 5_50_50, 0, 2172996680, , , , , , , , , , , 0, 
SIMPLE, 8, 5_50_100, 0, 2391463630, , , , , , , , , , , 0, 
SIMPLE, 8, 5_50_100, 0, 2388111698, , , , , , , , , , , 0, 
SIMPLE, 8, 5_50_100, 0, 2388192439, , , , , , , , , , , 0, 
SIMPLE, 8, 5_100_100, 0, 701158955, , , , , , , , , , , 0, 
SIMPLE, 8, 5_100_100, 0, 701780120, , , , , , , , , , , 0, 
SIMPLE, 8, 5_100_100, 0, 711976912, , , , , , , , , , , 0, 
SIMPLE, 16, 5_0_0, 0, 7975536242, , , , , , , , , , , 0, 
SIMPLE, 16, 5_0_0, 0, 8003657883, , , , , , , , , , , 0, 
SIMPLE, 16, 5_0_0, 0, 7989002930, , , , , , , , , , , 0, 
SIMPLE, 16, 5_1_1, 0, 9323784582, , , , , , , , , , , 0, 
SIMPLE, 16, 5_1_1, 0, 9327342809, , , , , , , , , , , 0, 
SIMPLE, 16, 5_1_1, 0, 9327810374, , , , , , , , , , , 0, 
SIMPLE, 16, 5_1_3, 0, 8694150883, , , , , , , , , , , 0, 
SIMPLE, 16, 5_1_3, 0, 8697679841, , , , , , , , , , , 0, 
SIMPLE, 16, 5_1_3, 0, 8709466854, , , , , , , , , , , 0, 
SIMPLE, 16, 5_1_5, 0, 8971997873, , , , , , , , , , , 0, 
SIMPLE, 16, 5_1_5, 0, 8960515476, , , , , , , , , , , 0, 
SIMPLE, 16, 5_1_5, 0, 8973876709, , , , , , , , , , , 0, 
SIMPLE, 16, 5_1_10, 0, 8921918993, , , , , , , , , , , 0, 
SIMPLE, 16, 5_1_10, 0, 8914216636, , , , , , , , , , , 0, 
SIMPLE, 16, 5_1_10, 0, 8940765903, , , , , , , , , , , 0, 
SIMPLE, 16, 5_1_25, 0, 9127049984, , , , , , , , , , , 0, 
SIMPLE, 16, 5_1_25, 0, 9114586231, , , , , , , , , , , 0, 
SIMPLE, 16, 5_1_25, 0, 9128095102, , , , , , , , , , , 0, 
SIMPLE, 16, 5_1_50, 0, 9302068063, , , , , , , , , , , 0, 
SIMPLE, 16, 5_1_50, 0, 9380686573, , , , , , , , , , , 0, 
SIMPLE, 16, 5_1_50, 0, 9330198870, , , , , , , , , , , 0, 
SIMPLE, 16, 5_1_100, 0, 9273283177, , , , , , , , , , , 0, 
SIMPLE, 16, 5_1_100, 0, 9257835198, , , , , , , , , , , 0, 
SIMPLE, 16, 5_1_100, 0, 9265242372, , , , , , , , , , , 0, 
SIMPLE, 16, 5_3_1, 0, 8812730592, , , , , , , , , , , 0, 
SIMPLE, 16, 5_3_1, 0, 8811718222, , , , , , , , , , , 0, 
SIMPLE, 16, 5_3_1, 0, 8806324300, , , , , , , , , , , 0, 
SIMPLE, 16, 5_3_3, 0, 8772946626, , , , , , , , , , , 0, 
SIMPLE, 16, 5_3_3, 0, 8792546131, , , , , , , , , , , 0, 
SIMPLE, 16, 5_3_3, 0, 8793148622, , , , , , , , , , , 0, 
SIMPLE, 16, 5_3_5, 0, 9032534917, , , , , , , , , , , 0, 
SIMPLE, 16, 5_3_5, 0, 9035555427, , , , , , , , , , , 0, 
SIMPLE, 16, 5_3_5, 0, 9031128760, , , , , , , , , , , 0, 
SIMPLE, 16, 5_3_10, 0, 9153234510, , , , , , , , , , , 0, 
SIMPLE, 16, 5_3_10, 0, 9156042249, , , , , , , , , , , 0, 
SIMPLE, 16, 5_3_10, 0, 9154936133, , , , , , , , , , , 0, 
SIMPLE, 16, 5_3_25, 0, 9017041560, , , , , , , , , , , 0, 
SIMPLE, 16, 5_3_25, 0, 9027635805, , , , , , , , , , , 0, 
SIMPLE, 16, 5_3_25, 0, 9029454645, , , , , , , , , , , 0, 
SIMPLE, 16, 5_3_50, 0, 9271108281, , , , , , , , , , , 0, 
SIMPLE, 16, 5_3_50, 0, 9246224271, , , , , , , , , , , 0, 
SIMPLE, 16, 5_3_50, 0, 9252097177, , , , , , , , , , , 0, 
SIMPLE, 16, 5_3_100, 0, 8825403236, , , , , , , , , , , 0, 
SIMPLE, 16, 5_3_100, 0, 8818348389, , , , , , , , , , , 0, 
SIMPLE, 16, 5_3_100, 0, 8816433869, , , , , , , , , , , 0, 
SIMPLE, 16, 5_5_1, 0, 9080648795, , , , , , , , , , , 0, 
SIMPLE, 16, 5_5_1, 0, 9091835571, , , , , , , , , , , 0, 
SIMPLE, 16, 5_5_1, 0, 9090568391, , , , , , , , , , , 0, 
SIMPLE, 16, 5_5_3, 0, 8908829883, , , , , , , , , , , 0, 
SIMPLE, 16, 5_5_3, 0, 8882988676, , , , , , , , , , , 0, 
SIMPLE, 16, 5_5_3, 0, 8881413362, , , , , , , , , , , 0, 
SIMPLE, 16, 5_5_5, 0, 8831671947, , , , , , , , , , , 0, 
SIMPLE, 16, 5_5_5, 0, 8816162564, , , , , , , , , , , 0, 
SIMPLE, 16, 5_5_5, 0, 8818739492, , , , , , , , , , , 0, 
SIMPLE, 16, 5_5_10, 0, 8753901876, , , , , , , , , , , 0, 
SIMPLE, 16, 5_5_10, 0, 8758603532, , , , , , , , , , , 0, 
SIMPLE, 16, 5_5_10, 0, 8757756400, , , , , , , , , , , 0, 
SIMPLE, 16, 5_5_25, 0, 8710421843, , , , , , , , , , , 0, 
SIMPLE, 16, 5_5_25, 0, 8717813701, , , , , , , , , , , 0, 
SIMPLE, 16, 5_5_25, 0, 8729066186, , , , , , , , , , , 0, 
SIMPLE, 16, 5_5_50, 0, 8665960120, , , , , , , , , , , 0, 
SIMPLE, 16, 5_5_50, 0, 8656119339, , , , , , , , , , , 0, 
SIMPLE, 16, 5_5_50, 0, 8644873739, , , , , , , , , , , 0, 
SIMPLE, 16, 5_5_100, 0, 8879857364, , , , , , , , , , , 0, 
SIMPLE, 16, 5_5_100, 0, 8884471552, , , , , , , , , , , 0, 
SIMPLE, 16, 5_5_100, 0, 8881221485, , , , , , , , , , , 0, 
SIMPLE, 16, 5_10_1, 0, 8284738119, , , , , , , , , , , 0, 
SIMPLE, 16, 5_10_1, 0, 8286561062, , , , , , , , , , , 0, 
SIMPLE, 16, 5_10_1, 0, 8296498431, , , , , , , , , , , 0, 
SIMPLE, 16, 5_10_3, 0, 8644356468, , , , , , , , , , , 0, 
SIMPLE, 16, 5_10_3, 0, 8638104268, , , , , , , , , , , 0, 
SIMPLE, 16, 5_10_3, 0, 8629941542, , , , , , , , , , , 0, 
SIMPLE, 16, 5_10_5, 0, 8358866471, , , , , , , , , , , 0, 
SIMPLE, 16, 5_10_5, 0, 8332885375, , , , , , , , , , , 0, 
SIMPLE, 16, 5_10_5, 0, 8337854549, , , , , , , , , , , 0, 
SIMPLE, 16, 5_10_10, 0, 8314219197, , , , , , , , , , , 0, 
SIMPLE, 16, 5_10_10, 0, 8306828270, , , , , , , , , , , 0, 
SIMPLE, 16, 5_10_10, 0, 8299797786, , , , , , , , , , , 0, 
SIMPLE, 16, 5_10_25, 0, 8250217085, , , , , , , , , , , 0, 
SIMPLE, 16, 5_10_25, 0, 8259246808, , , , , , , , , , , 0, 
SIMPLE, 16, 5_10_25, 0, 8259247186, , , , , , , , , , , 0, 
SIMPLE, 16, 5_10_50, 0, 8334049952, , , , , , , , , , , 0, 
SIMPLE, 16, 5_10_50, 0, 8313818754, , , , , , , , , , , 0, 
SIMPLE, 16, 5_10_50, 0, 8329593451, , , , , , , , , , , 0, 
SIMPLE, 16, 5_10_100, 0, 8290112658, , , , , , , , , , , 0, 
SIMPLE, 16, 5_10_100, 0, 8290236830, , , , , , , , , , , 0, 
SIMPLE, 16, 5_10_100, 0, 8262083948, , , , , , , , , , , 0, 
SIMPLE, 16, 5_25_1, 0, 6907498768, , , , , , , , , , , 0, 
SIMPLE, 16, 5_25_1, 0, 6914662990, , , , , , , , , , , 0, 
SIMPLE, 16, 5_25_1, 0, 6904464244, , , , , , , , , , , 0, 
SIMPLE, 16, 5_25_3, 0, 7034643756, , , , , , , , , , , 0, 
SIMPLE, 16, 5_25_3, 0, 7030028531, , , , , , , , , , , 0, 
SIMPLE, 16, 5_25_3, 0, 7029698796, , , , , , , , , , , 0, 
SIMPLE, 16, 5_25_5, 0, 6964473399, , , , , , , , , , , 0, 
SIMPLE, 16, 5_25_5, 0, 6960521733, , , , , , , , , , , 0, 
SIMPLE, 16, 5_25_5, 0, 6979368754, , , , , , , , , , , 0, 
SIMPLE, 16, 5_25_10, 0, 7052108091, , , , , , , , , , , 0, 
SIMPLE, 16, 5_25_10, 0, 7039693364, , , , , , , , , , , 0, 
SIMPLE, 16, 5_25_10, 0, 7053669439, , , , , , , , , , , 0, 
SIMPLE, 16, 5_25_25, 0, 6954020520, , , , , , , , , , , 0, 
SIMPLE, 16, 5_25_25, 0, 6956904581, , , , , , , , , , , 0, 
SIMPLE, 16, 5_25_25, 0, 6963725620, , , , , , , , , , , 0, 
SIMPLE, 16, 5_25_50, 0, 7152695888, , , , , , , , , , , 0, 
SIMPLE, 16, 5_25_50, 0, 7146406360, , , , , , , , , , , 0, 
SIMPLE, 16, 5_25_50, 0, 7159113567, , , , , , , , , , , 0, 
SIMPLE, 16, 5_25_100, 0, 7220792323, , , , , , , , , , , 0, 
SIMPLE, 16, 5_25_100, 0, 7206643064, , , , , , , , , , , 0, 
SIMPLE, 16, 5_25_100, 0, 7212357209, , , , , , , , , , , 0, 
SIMPLE, 16, 5_50_1, 0, 5008375218, , , , , , , , , , , 0, 
SIMPLE, 16, 5_50_1, 0, 5014106251, , , , , , , , , , , 0, 
SIMPLE, 16, 5_50_1, 0, 5003920981, , , , , , , , , , , 0, 
SIMPLE, 16, 5_50_3, 0, 4673947419, , , , , , , , , , , 0, 
SIMPLE, 16, 5_50_3, 0, 4670486236, , , , , , , , , , , 0, 
SIMPLE, 16, 5_50_3, 0, 4679224537, , , , , , , , , , , 0, 
SIMPLE, 16, 5_50_5, 0, 5031907710, , , , , , , , , , , 0, 
SIMPLE, 16, 5_50_5, 0, 5050341323, , , , , , , , , , , 0, 
SIMPLE, 16, 5_50_5, 0, 5013739088, , , , , , , , , , , 0, 
SIMPLE, 16, 5_50_10, 0, 4541606316, , , , , , , , , , , 0, 
SIMPLE, 16, 5_50_10, 0, 4520526712, , , , , , , , , , , 0, 
SIMPLE, 16, 5_50_10, 0, 4521314744, , , , , , , , , , , 0, 
SIMPLE, 16, 5_50_25, 0, 4469286461, , , , , , , , , , , 0, 
SIMPLE, 16, 5_50_25, 0, 4464874032, , , , , , , , , , , 0, 
SIMPLE, 16, 5_50_25, 0, 4470031936, , , , , , , , , , , 0, 
SIMPLE, 16, 5_50_50, 0, 4373826953, , , , , , , , , , , 0, 
SIMPLE, 16, 5_50_50, 0, 4382078362, , , , , , , , , , , 0, 
SIMPLE, 16, 5_50_50, 0, 4383391343, , , , , , , , , , , 0, 
SIMPLE, 16, 5_50_100, 0, 5595270686, , , , , , , , , , , 0, 
SIMPLE, 16, 5_50_100, 0, 5599732952, , , , , , , , , , , 0, 
SIMPLE, 16, 5_50_100, 0, 5592129975, , , , , , , , , , , 0, 
SIMPLE, 16, 5_100_100, 0, 962884527, , , , , , , , , , , 0, 
SIMPLE, 16, 5_100_100, 0, 962906740, , , , , , , , , , , 0, 
SIMPLE, 16, 5_100_100, 0, 991686800, , , , , , , , , , , 0, 
